0.0,0.00229838925,0.035515868,0.034573052624999996,0.027264372,0.1826650790833333,0.4447509532857143,0.3982095004
0.0001519975,0.001078982,0.016674228,0.011381557375,0.00660644575,0.09716448324999999,0.120389409375,0.10704212883333335
2.85e-6,0.0011865517500000001,0.009220786750000001,0.017746760625,0.023872943749999997,0.1637422315,0.219949977,0.232991795
NaN,NaN,NaN,NaN,NaN,0.00578709575,0.014696487333333333,0.074091943
2.0775e-5,0.00022160299999999999,0.0018495135,0.00443072475,0.003567732375,0.08047269866666666,0.05655687125,0.042236765714285716
0.00015548575,0.0,0.00628421175,0.0062871147499999995,0.004731733714285714,0.06447549527272728,0.050653202875,0.0382617636
1.025e-6,0.000278185,0.0009340984999999999,0.002889771375,0.000552442375,0.018387642166666666,0.039846071999999996,0.03049688239999999
0.0,0.000161266,0.00155168525,0.0046982924999999995,0.00153625125,0.08537903958333333,0.098771088375,0.04933740214285714
2.2224999999999998e-5,0.00053006725,0.007104203999999999,0.011960216375,0.011634696875000003,0.09785986616666666,0.06748873962499999,0.05397870957142857
0.0,0.00045079525,0.0039602065,0.006215241,0.013881106875000002,0.10866656925,0.080042299875,0.05875999571428571
1.2250000000000001e-5,0.0008666222499999999,0.00451999225,0.009600158625000002,0.011499302624999997,0.18090606416666669,0.16474720337499998,0.07979514685714287
0.0,0.002250976,0.013309599250000002,0.022314054,0.013095181625,0.10884261358333334,0.12611028159999998,0.1010903584
3.0e-6,0.0004223155,0.007524406,0.010487770125,0.012531863375,0.13312939875,0.185020821875,0.099427581
0.0,0.00046372975,0.00507458225,0.00470862825,0.011974417375000001,0.2032368996363636,0.068751054,0.06356409642857143
3.898325e-5,2.6893e-5,0.00211865175,0.004064467875,0.005965331875,0.10779657858333332,0.024823885125000004,0.03996045557142857
0.0,0.0,0.00051158675,0.010203663625,0.010131574124999999,0.07563167316666666,0.01164805075,0.029806177857142856
6.786275000000001e-5,0.00034436525,0.006271440499999999,0.0106590335,0.019526503125,0.21663264458333334,0.08838705525,0.11537669399999999
0.0,0.000761544,0.00032304325,0.003050728,0.009877230625,0.08914078941666664,0.007222638375,0.032005239
0.0,2.67e-5,0.00241306325,0.00735121775,0.009373709125,0.10520090181818181,0.033233686,0.06404901014285715
0.0,0.0,0.00110391,0.003718250375,0.003500581857142857,0.04484288241666667,0.006406409285714285,0.018276714857142856
0.0,5.41595e-5,5.03175e-5,0.00120206575,0.001442349625,0.019854939666666665,0.00187560725,0.009135529142857143
0.0,0.0,0.00323195625,0.004783004375,0.0020653104285714287,0.03856043041666666,0.015886980714285716,0.0276148344
0.0,4.866666666666667e-6,0.00059451525,0.003120576375,0.0043193861250000005,0.03485358291666667,0.004226661875,0.024540642285714287
0.0,0.0,0.0,0.00432634575,0.0011337735714285712,0.07092780822222222,0.011574854833333334,0.029220095749999998
0.0,3.721575e-5,0.0019599045,0.0068719225,0.011365153142857142,0.10361779183333335,0.024158449285714288,0.0775909484
3.0e-6,0.0013252695000000002,0.02481979125,0.03320531225,0.06361903025,0.35743109425,0.35038541687499997,0.4721474148333333
0.0,0.00031202475,0.00874930875,0.00897127325,0.016287077125,0.08418292791666666,0.04375777560000001,0.0778917836
7.350000000000001e-6,0.0013654524999999998,0.042180512749999996,0.044608145375,0.08714593862499999,0.327940226,0.31633615842857143,0.5037170503999999
0.0,5.057425e-5,0.02300196825,0.029330838874999998,0.029583680374999997,0.08018551130000001,0.07018397000000001,0.13813040999999998
1.6555e-5,0.00108260075,0.0133490805,0.015078506625,0.014874813500000002,0.1515312715,0.18061749114285716,0.282895477
0.0,0.00016040675,0.02391903225,0.02856155,0.017424454750000002,0.09020373916666667,0.053447782285714285,0.22902767660000004
4.025e-6,0.00172929225,0.02060754375,0.03411435175,0.021929491375,0.1474603410833333,0.12741551714285712,0.3476968888
3.0e-6,0.0016699419999999998,0.006019209750000001,0.015918467999999998,0.019043140874999996,0.09859985966666668,0.19152028024999998,0.19446482733333334
0.0,0.0006331450000000001,0.0103338235,0.007852389875,0.014657790875,0.10621127483333336,0.14041829937500003,0.09860748071428571
0.0,0.0007510110000000001,0.0017182672500000002,0.00394741775,0.007615589874999999,0.07397240008333333,0.100435655375,0.10966251366666667
6.5e-6,0.00016919075,0.0019037342500000001,0.004917515000000001,0.006797547750000001,0.05677437916666666,0.026090107375000005,0.038966785999999996
0.0,4.0295e-5,0.00057298275,0.00123653825,0.0019062642499999998,0.019410701083333332,0.010576301625,0.01713953742857143
6.778125e-5,1.7275e-5,0.0014443305000000001,0.0011144220000000001,0.001000362,0.006341873166666667,0.007070364375,0.003980508
0.0,2.7125000000000002e-5,0.0027883444999999996,0.008403512,0.008670614375,0.14472257066666666,0.0571676835,0.052210726285714285
0.00076198025,0.000325047,0.001436602,0.012571968499999999,0.007772868874999998,0.17939642863636363,0.042468694625,0.061372605000000004
4.693225e-5,0.00084855,0.0113187745,0.017589698125,0.03403933349999999,0.3274152103333334,0.19526406937500002,0.1642490441428571
0.0,0.00019529149999999998,0.009233225,0.01484195725,0.015632504625,0.20057353183333335,0.10804987,0.11102456457142858
4.375e-6,0.0011399832499999999,0.013157879749999999,0.02841174575,0.046353769,0.32708640266666666,0.196767448625,0.19494192714285716
0.0,0.000139653,0.00340778475,0.0032675578750000003,0.003757753625,0.017418104,0.013239559375000001,0.050141419285714285
NaN,NaN,NaN,NaN,NaN,0.0,0.000340646,NaN
0.00030268,1.5475e-5,0.0016063277499999999,0.0017250233750000002,0.0010017889999999999,0.010279869083333336,0.008405588,0.07546140139999999
0.0,9.38455e-5,0.0018342184999999998,0.001956442,0.000840592375,0.0112853725,0.016454071142857143,0.0601036304
0.0,0.0,0.001385056,0.014070439,0.00056716725,0.0364491175,0.0091536825,NaN
1.6465e-5,0.000123464,0.00075319975,0.0019662175,0.0035133304999999996,0.03382724591666667,0.020128022375,0.054501966285714284
NaN,NaN,NaN,NaN,NaN,0.0,NaN,NaN
0.0,0.0,0.004781881,0.003245076875,0.000414729375,0.013771465250000002,0.017403671625,0.07038415014285714
0.0,1.455e-6,0.0028788405,0.0065650965,0.024259057875,0.0648559965,0.03610752425,0.4610562318571429
0.0,0.0,0.000874678,0.0016414886249999999,0.0041701343750000005,0.03085321616666667,0.018392844,0.07704872614285714
0.0,0.0,0.01605994275,0.05859235783333333,0.12433918212499999,0.21233000033333335,0.029618866125,0.27247951842857143
0.0,6.834e-5,0.0019033259999999999,0.006244259875,0.003089274375,0.0171646665,0.0090299395,0.004376979
0.0,1.5895e-5,0.0004541465,0.00084793575,0.00038167999999999996,0.0022467928333333334,0.004727021625,0.0067801164285714284
0.000255012,5.6e-6,7.3917e-5,0.001866377375,0.00032035,0.0037949249999999998,0.0022647164999999997,0.0015766072857142858
5.835e-6,1.6325e-5,0.0002871315,0.001037605375,0.000586955625,0.00283543875,0.002626435625,0.003287049714285714
1.4125e-6,0.0,4.353400000000001e-5,0.000158794,0.00015978699999999997,0.0008978582499999999,0.004540094625,0.0013732442857142858
0.0,0.0,0.0,0.0,0.0,0.00028480375,0.001075784875,0.0
0.0,0.0,0.000721279,0.022719578,0.005033700125,0.0239168063,0.0111962412,0.0077453949999999995
3.75e-6,0.000161514,0.0028814135,0.00779523275,0.020010561,0.11270770525000001,0.0337617125,0.05539716128571428
2.55e-6,3.11e-5,0.0027633475,0.010537175875,0.009730655000000001,0.05617607075,0.029935007571428574,0.11212743459999999
0.0,0.0,0.0007777515,0.0005248098571428571,0.000705859,0.0036765400000000003,0.001960663857142857,0.0017218702
0.0,3.179575e-5,0.00034828925000000003,0.0001680122857142857,0.000424035625,0.004716657727272726,0.001750726375,0.0
0.0,0.0,0.000112558,7.287987499999999e-5,0.0008636444285714286,0.0012979303333333332,0.0040436672857142855,0.0
0.0001029365,0.0,0.0005539155,0.0019431156250000001,0.0012240322499999998,0.012622263416666668,0.00732226925,0.0028483005714285714
0.0,0.0,0.0,0.00078950825,1.4688375e-5,0.0013550936666666669,0.000375809375,0.0
0.0,1.33e-5,0.003496411,0.0006687124285714286,0.00930104775,0.009834250000000001,0.0047557351250000005,0.017232322571428572
0.0,0.0,0.000202367,0.00114471375,0.00039325142857142857,0.0015361055833333335,0.0008416847142857143,0.0052638369999999995
2.07e-5,0.0007771082500000001,0.091967274,0.047350924875,0.165341262375,0.13257097874999998,0.0623636335,0.17733446942857142
2.0625e-5,0.00282187075,0.011865098250000001,0.020189683875,0.006008306125,0.05306076791666667,0.020238833666666668,0.11493602000000001
0.0,0.00042257899999999997,0.024398428,0.022584792875,0.04755425249999999,0.09421916008333332,0.046756975625,0.13708875799999998
0.0,0.0019298790000000002,0.027884863750000002,0.039808243125,0.039216659249999994,0.13284201858333333,0.163613540625,0.2182367607142857
6.995599999999999e-5,0.00622353025,0.1654320885,0.157399793625,0.42441651624999993,0.8051053485833334,0.637894231875,0.4438283021428572
0.0,0.0006070697499999999,0.0802881695,0.07107969574999999,0.138599514875,0.32994784575,0.146978475875,0.18480196114285713
6.7e-6,0.0,0.019742939749999997,0.021986768125,0.14644147162499999,0.11151217091666665,0.10853550225,0.31535338514285716
0.00093090175,0.00052835725,0.0580788105,0.033811397,0.03227959425,0.041780235000000006,0.097736910125,0.17153464828571427
4.211375e-5,0.004185804749999999,0.032803877999999995,0.046972396625,0.010085391124999999,0.07960133525000002,0.09937194675,0.17680595657142856
5.658675e-5,0.0008776834999999999,0.019303979500000002,0.013018590500000001,0.0036641520000000004,0.0238283991,0.039395832,0.111745579
NaN,NaN,NaN,NaN,NaN,0.044364348666666664,0.047110667333333335,NaN
6.475e-6,0.00214805475,0.00317414975,0.00252721,0.0017701795,0.006490910333333333,0.002114892,0.010615580199999999
0.0,1.9625e-5,0.0051156905,0.004148841875,0.0009295882499999999,0.004143248416666668,0.003879733,0.0103703974
NaN,NaN,NaN,NaN,NaN,0.0,0.0011157133333333333,NaN
0.0,0.0,0.0,0.000703602125,0.0,0.01118944375,0.0,0.238486283
0.0,0.0,0.0006524805,NaN,0.00022264033333333334,0.0,0.0,0.0
0.00177555475,0.00802655725,0.15270110625,0.15019431175,0.12278114250000001,0.2032762968333333,0.138979191,0.5001459332857142
0.0,7.131825e-5,0.024212019999999997,0.026532886285714288,0.027038636250000005,0.043788624090909084,0.063107007125,0.07113279942857144
0.0,5.6216249999999996e-5,0.0060296005,0.004949807625,0.004784846375,0.01041997475,0.029678062000000005,0.06322882871428571
0.0,0.000274154,0.00501793375,0.0022484955,0.0004953695,0.007172820666666667,0.011563763250000001,0.003329216714285714
3.85e-6,0.00074719875,0.004288537,0.005289743,0.001214675125,0.00519388875,0.009875922,0.006384550000000002
1.8475e-5,0.001066533,0.0075338589999999995,0.006635869,0.00222274675,0.007562960583333333,0.009438009999999998,0.011917937142857144
NaN,NaN,NaN,NaN,NaN,0.0004284884,0.0134942285,0.0046951245
0.0,0.0,0.00012154575000000001,0.00056778075,8.025e-6,0.0003129219,0.0016115580000000001,0.0008029756
0.0,0.0,0.0017277775,0.0006858875,0.000185643,0.004728550666666667,0.0193976034,0.0035146789999999997
NaN,NaN,NaN,NaN,NaN,0.018040144499999997,0.10992668500000001,0.13436162533333332
0.0,0.0001681355,0.00204427175,0.002529469,0.0007577679999999999,0.0032735168333333335,0.009375983875,0.0041106444285714284
1.265e-5,0.0018475402499999998,0.026807676500000002,0.013411202125,0.0011605455,0.0027011266666666666,0.006401406,0.001709110857142857
0.0,0.0013661587499999997,0.014290055749999999,0.00615036,0.000654577,0.0019169556666666667,0.0077551336250000005,0.0014432847142857145
0.0,0.00027012325,0.00164359625,0.0023666284999999997,0.00099637225,0.002793832363636364,0.007566328749999999,0.0005067385714285714
0.0,0.000421809,0.0033955847499999997,0.005458451999999999,0.000365692625,0.0010750868333333332,0.001933775625,0.0025419472857142857
0.0,0.0002984035,0.009689399,0.005775855999999999,0.00047869525,0.001173369916666667,0.0031189393749999996,0.004351508571428572
0.0,0.00017611566666666666,0.00020001225,0.003224172125,0.000413072375,0.010533098083333333,0.003569894125,0.006681702142857143
0.0,0.0,0.0001835565,0.0014047498749999998,0.000455175,0.0023886644545454546,0.011559136499999999,0.028970788
0.0,0.0,0.001340358,0.00040210275000000003,0.005302963250000001,0.003331345,0.017672137999999997,0.029575759
0.0,0.0,0.0,0.0,0.0,0.0,0.0,0.0
0.0,0.0,4.220325e-5,0.0011121208749999998,0.00042154750000000004,0.0014512761666666668,0.000494145875,4.557142857142858e-6
0.0,0.0,7.3716e-5,0.0009047001250000001,2.7049125e-5,7.169291666666666e-5,0.0023535578750000005,0.0010345607142857145
0.0002758115,0.000776599,0.005343543000000001,0.0032144991250000004,0.0005227727500000001,0.0037109101666666674,0.006642578875000001,0.0063323270000000004
0.0,0.0019414925,0.016630488000000002,0.007306753874999999,0.000837864125,0.003338546416666666,0.003327770125,0.005732163857142857
0.0,0.0,9.587799999999999e-5,0.0021027602500000003,0.00156012975,0.00067806125,0.0025243696250000004,0.009528405
0.0,0.0,0.0,0.002130463875,0.00096076925,0.006733623916666666,0.00178634225,0.0
0.0,0.00076773025,0.014566588249999998,0.00818063125,0.0006912400000000001,0.004553632250000001,0.019148741249999997,0.0014067235714285715
1.21e-5,0.00014225324999999999,0.007664954,0.004813116375,0.0006176978749999999,0.00100110825,0.006781294624999999,0.0018920734285714283
0.00026625,0.000367453,0.0048566295,0.00262754075,0.0035867631249999997,0.066235796,0.12134765125000001,0.06875664457142858
0.0,0.001420792,0.01190085925,0.00426726475,0.0023971775,0.018803366749999998,0.033954997125,0.015445618142857139
0.0,0.00059325375,0.01261222975,0.0043507749999999994,0.00038031712499999996,0.009213867916666667,0.012761335125,0.00018286157142857144
0.0,3.095275e-5,0.016708957,0.0007345325,1.424775e-5,0.004064957249999999,0.00467932175,0.0050707855714285715
0.0,0.0012743745,0.0066747225,0.008297500499999999,0.019111792375,0.06784112525000001,0.043901594,0.067281622
0.0,0.0,0.00727873025,0.002307894125,5.7242875000000005e-5,0.015392727500000002,0.016912341375,0.009342045142857145
0.0,0.00085310675,0.0022603780000000004,0.000984071875,0.000131872375,0.0032426461666666666,0.007229616875000001,0.0009550754285714287
0.0,0.000929009,0.01287589,0.0007865793749999999,0.000799106375,0.06473635258333332,0.17676061524999997,0.07743877285714286
0.000157383,0.00119581075,0.0109540605,0.0050497375,0.005145476374999999,0.13218401941666666,0.12314257437499998,0.05237046157142857
0.0,0.000749725,0.0265559635,0.00887839425,0.00097650325,0.023459799333333333,0.028088527624999998,0.010573210857142856
0.00025637675,0.00260926575,0.0484566255,0.011795955125,0.0023917093750000003,0.033761143916666674,0.00903010925,0.013801548571428571
0.0,0.00071186275,0.00700285525,0.002676249375,0.002185293125,0.026772055444444443,0.0478211795,0.02783051375
0.0,0.0005432756666666666,1.93e-5,0.0014574312857142857,0.0,0.004740760545454545,0.00041228575,0.010082174285714285
4.775e-6,1.7025e-5,0.0019699145,0.008738123625,0.00099083,0.0008661148333333333,0.006711250499999999,0.009887794714285714
0.0,0.001913189,0.0,0.0,0.0,0.0005372602222222223,0.001852646,0.0285105665
NaN,0.0,NaN,0.0,0.0,0.0,0.0,NaN
0.0,0.0,0.00059019225,0.0011534675,0.0001736495,0.0009089810833333333,0.001833916125,5.2489857142857144e-5
0.0,0.0,0.0,0.0,0.0,0.0,0.0,0.0
0.0,0.0,0.0001176725,0.000136274875,0.001013679875,0.002696642666666667,0.004437366875,0.004246760571428571
0.0,0.0,0.00203632575,0.00020184975,0.0009641873749999999,0.0039133862499999995,0.007160451625,0.009300382142857142
2.2875e-6,2.05e-6,0.0008717675,0.0012460425,0.0009929177499999999,0.004796555083333333,0.0038786057500000003,0.009977312857142857
0.0005097825,0.0,0.00055490425,0.000212729375,0.0009246695,0.00669153875,0.000992274125,0.0005032482857142858
NaN,NaN,NaN,NaN,NaN,NaN,0.0,NaN
0.0,0.0,0.00034176975,1.6646125e-5,0.000133521,0.0010602183333333333,0.001618552125,0.001080428
NaN,0.0,0.0,2.5900000000000003e-5,0.0,0.00314841025,0.0,0.0
NaN,NaN,NaN,NaN,NaN,0.00031843775,0.00571698675,0.025519382
NaN,NaN,NaN,NaN,NaN,0.00690223925,0.00074452975,0.086217247
NaN,NaN,0.0,NaN,NaN,0.0005416728333333334,0.0,0.00122976825
0.0,0.0,0.0065761314999999996,0.00033701275000000007,0.000428348875,0.011771878083333333,0.01340127525,0.005617363
NaN,NaN,NaN,NaN,NaN,0.0,0.01643926,0.0
NaN,NaN,NaN,NaN,NaN,0.00028106716666666666,0.00044406424999999996,0.00021772033333333332
NaN,NaN,NaN,NaN,NaN,0.0005981995,0.027728321,0.000533222
NaN,NaN,NaN,NaN,NaN,0.0,0.0,NaN
0.0,0.0,0.00012285133333333334,0.0002174215,0.0069418665,0.00164778225,0.009533812999999999,0.004486947666666667
0.0,0.0,0.0,0.0,5.81e-5,7.124071428571429e-5,0.005977684375,0.00037813299999999995
0.0,0.0,0.0,0.00015781525,0.0,0.0061493655,0.0,0.022288954857142856
4.7414666666666665e-5,0.0,3.4420249999999996e-5,0.000163561,0.00010979012499999999,0.0008185121666666667,0.000512777875,0.008219266857142856
0.0,0.0,0.000448442,0.0020120622499999997,0.0006736454999999999,0.0009205950833333334,0.0009869765,0.0007871307142857143
0.0,0.0,3.3493e-5,0.001206907142857143,0.00038179975,0.0036151670000000003,0.008058729999999998,0.041556916
NaN,NaN,NaN,NaN,NaN,0.0,0.0,NaN
NaN,0.0,0.0,0.0,0.0,0.000637952,0.0,0.0
0.0,0.0,0.0006637455,0.004688613857142857,0.0001923155,0.00240178475,0.005073725714285714,0.179751674
0.0,6.714075e-5,0.001543876,0.001011983,0.000923167875,0.003246706083333333,0.0026936933750000007,0.014062979000000001
0.0,1.1425e-5,0.0012161025,0.000650613,1.4037499999999999e-5,0.009404695,0.009967437375000002,0.0015226731666666668
1.49e-5,0.000269429,0.001898354,0.0014590637499999998,0.00047959024999999993,0.0013119721666666666,0.003581471625,0.005732834
0.0,0.0,0.008183318,0.0,0.0,0.0,0.00024154340000000002,0.0074590445
NaN,0.0,NaN,NaN,NaN,NaN,NaN,0.0021116525
0.0,0.00040624025,0.00541413675,0.00423799375,0.000192376,0.003694319363636364,0.011799880999999998,0.0018127938000000003
0.0,0.0,1.1775e-5,0.000558143125,0.0010114969999999999,0.0005771235833333333,0.00504872175,5.141828571428572e-5
NaN,NaN,NaN,NaN,NaN,NaN,0.000634008,NaN
0.0,3.06635e-5,0.0013381165,0.00329103775,0.0006402562499999999,0.003440567727272727,0.003872208875,0.0011929875714285713
0.0,8.025e-6,0.00058024025,0.002684650375,0.0011713,0.0034730811666666664,0.005287928875000001,0.008397897571428573
0.0,0.00013339075,0.003287172,0.0027239058750000004,0.0015079834999999996,0.004756030333333334,0.003730566,0.0015379188571428572
NaN,0.0,0.0001918745,0.002395371,0.00209634,0.0012409654999999999,0.0088055848,0.0
0.0,0.0,0.0,0.0,0.0,0.0,0.0,0.00019901571428571427
4.849999999999999e-6,1.261e-5,0.001726998,0.0038495686249999995,0.0036531285000000004,0.01076050191666667,0.005088123625,0.003890860571428571
0.0,0.0,0.0004612335,2.225e-6,3.4125e-6,0.0006599772500000002,0.00010710475,9.359928571428572e-5
0.0,0.0,0.0,0.000451211375,3.446471428571428e-5,0.00026478183333333334,4.097428571428572e-5,9.22e-6
0.0,0.0,0.0,0.000478200125,0.00045242971428571425,1.30786e-5,2.2337428571428573e-5,0.0
0.0,0.0,0.0,0.0,0.0,0.0,0.0,0.0
0.0,0.0,0.0,0.0,0.0,0.0,0.0,0.0
0.0,1.9966666666666666e-5,0.00459991625,0.028544871750000003,0.01573732425,0.08632320333333333,0.021501321875,0.017009738714285714
3.233333333333333e-5,0.0038586546666666663,0.0928699875,0.09100602124999999,0.079790220625,0.17996637449999997,0.076200267375,0.055242175428571426
0.0,0.0007505117500000001,0.00041329374999999995,0.005842929875,0.0020113082499999997,0.00371885875,0.0018153384999999998,0.000716345
0.0,0.0,4.025e-6,0.00021352475,8.619175000000001e-5,0.00030411625000000003,7.945975000000001e-5,0.002463276285714286
0.0,3.743925e-5,0.000676108,0.000763808375,0.00032081724999999996,0.002522144,0.00150192025,0.002065415714285714
0.0,0.0,0.00016858175,0.0,0.0,0.0005769365454545455,0.0007434631428571429,0.0007170184
0.0,0.0,0.0,0.006651918666666667,0.0,0.0010679906666666667,0.0,0.0
0.0,0.0,0.0,0.0003147076666666667,1.91945e-5,0.0022699815555555555,0.0,0.0
0.0,0.0,0.0,0.0,0.0,0.0003092015,0.00095899525,0.0
0.0,0.0,0.000303747,0.0027061875,0.00034612149999999997,0.00041380233333333333,0.000101759375,0.0012163682857142858
0.0,0.0,0.0,0.0,0.000101011,0.0,0.0005549628333333333,0.0
0.0,0.0,0.0,0.0,0.0,0.0,0.0,0.0
0.0,0.0,3.065e-5,8.331159999999999e-5,0.0008084590000000001,1.375e-5,0.000244402,0.0005216025
NaN,0.0,NaN,0.0,0.0,0.0,0.0,0.0
0.0,0.0,0.0,0.0,0.000828315625,0.0021890885,0.0006380425,0.0
NaN,0.0,NaN,0.004965113333333333,0.0007652071428571428,0.0011084357499999999,0.00016531625,NaN
NaN,NaN,NaN,0.25134767,0.0,0.0,0.0,0.008274864
0.0,0.0,1.96e-5,0.07702597525,0.0,0.000318834,0.0,0.00072083125
0.0,0.0,NaN,0.0,0.00030548,0.0,0.0,0.0
0.0,0.0,0.0,0.0,0.0009794113333333333,0.0,0.0,0.0
NaN,0.0,0.0,0.0,0.0,0.0,0.0,0.0
0.0,0.0,0.00023467775,0.00011443666666666667,0.0,0.0,0.0,0.0
NaN,NaN,NaN,NaN,NaN,0.0,NaN,NaN
0.0,0.0,0.0,0.0,0.0,0.0,8.907433333333334e-5,0.008935241666666666
0.0,0.0,0.0,0.0,0.0004019532857142857,0.0009790102222222222,0.0,0.04532611257142858
0.0,0.0,0.039060518,0.005015654,0.006536155142857143,0.048002137,0.06119830716666667,0.18996506175
0.0,0.00033319966666666665,0.14454637475,0.278750598125,0.21634028575,0.6502256410000001,0.216544405375,0.12719008057142858
0.0,0.00013531,0.0021489992500000003,0.011725103428571427,0.02509186157142857,0.03254823291666666,0.06449772985714285,0.017684662800000004
0.0,0.0,0.0,0.000279132,0.0023094715714285716,0.0,0.0,0.0
0.0,0.0,0.0,0.0,0.00015333,0.000132,0.0,0.0
0.0,0.0,0.0,0.0,0.0,0.0,0.0,0.03198391175
0.0,0.0,NaN,0.0,0.0002113775,0.0,0.0014356485,0.1578693505
0.0,0.0,9.9842e-5,0.0008948182857142857,0.0,0.017937505454545453,0.036229512857142855,0.02860062325
0.0,2.8125e-5,1.5875e-5,0.0002917235,0.0012597815714285713,1.793508333333333e-5,0.0018550735714285714,0.0
2.67425e-5,0.00114014925,8.36915e-5,0.0,2.2845714285714285e-5,0.0004420641666666666,5.942857142857143e-6,4.34e-6
NaN,NaN,0.0,NaN,0.0,0.0,0.0,0.0
NaN,NaN,NaN,NaN,NaN,0.0,NaN,NaN
NaN,0.0,0.00021316366666666666,NaN,0.0,0.00037485925,0.0,0.0
NaN,NaN,NaN,NaN,0.0,0.0,NaN,NaN
8.675e-6,3.00585e-5,0.0,0.00014859225,0.0008226661666666666,1.03e-5,2.2185714285714284e-5,0.0
NaN,NaN,NaN,NaN,NaN,0.0,NaN,NaN
0.0,0.0,0.0,0.000103819125,0.0002134844285714286,0.00035197425000000005,0.00016922671428571428,0.0
NaN,NaN,NaN,NaN,NaN,0.0,NaN,NaN
NaN,0.0,0.0,NaN,0.0,0.0,0.0,0.0
0.0,0.0,0.00038930625,0.000125716,0.0009150531428571429,0.00015212883333333335,0.00028342142857142857,0.0037347206
0.0,3.125e-6,0.0001569315,0.0004864377499999999,0.005211267714285713,0.00037746325000000006,4.523185714285714e-5,0.0001478538
NaN,0.0,0.0,NaN,0.0,0.0,NaN,NaN
NaN,NaN,NaN,NaN,0.0,3.211775e-5,NaN,NaN
0.0,0.0,0.0,0.0,0.0,0.0,7.2265e-5,0.0
0.0,0.00191883,0.01027659775,0.023974518625,0.016723241,0.11589071833333331,0.2695438752857143,0.2032657688
2.23e-5,0.0001376225,0.0011597805,0.00506842275,0.0015274638750000001,0.023712320916666668,0.028528735875000003,0.038354088
3.73875e-5,0.000189506,0.0022123029999999997,0.004520005874999999,0.0055312090000000005,0.04728033433333333,0.0807722935,0.09568226116666667
NaN,NaN,NaN,NaN,NaN,0.013185961,0.00035094266666666667,NaN
0.00010608724999999999,5.92425e-5,0.00071643025,0.0008388752500000001,0.000663764375,0.008725167166666667,0.00942345,0.007830422857142857
0.0,0.0,0.0,0.00018513699999999999,0.00099646625,0.007986885545454547,0.00570492125,0.0022669756
3.035e-6,0.00010535650000000001,0.0006173285000000001,0.00098185325,0.00020533925000000002,0.008132808166666668,0.0110616908,0.0161766224
0.0,4.344475e-5,0.0004913145,0.001773746125,0.0004023215,0.017645173083333337,0.015921222500000002,0.005119726428571429
2.1375e-5,3.5375e-5,0.00095470275,0.00179132825,0.0009326161250000001,0.018548812666666668,0.014830853500000001,0.009109542428571428
0.0,0.0,0.00101612525,0.0038883669999999998,7.865375e-5,0.021560556916666668,0.01603196775,0.001362399
0.00012987425,0.0001724285,0.002122895,0.0030608973749999997,0.001600336625,0.025592616833333335,0.025494298625,0.015193328714285715
3.416525e-5,0.00378804225,0.01833686625,0.023575886749999997,0.00756626625,0.05056208983333333,0.0418547684,0.0225808618
4.9077249999999995e-5,0.00029150175000000004,0.00190425925,0.00684648075,0.009370366125,0.05419787408333334,0.0884132255,0.04061730714285714
0.0,0.00046916074999999997,0.000794142,0.001593102,0.0015568384999999998,0.02456798818181818,0.006745101124999999,0.01202167357142857
1.3075e-5,2.4875e-6,0.00043276800000000004,0.000665284,0.000787304375,0.010286844083333335,0.0017881845,0.009074953285714286
5.348433333333333e-5,0.0,9.98265e-5,0.001156649375,0.000447843875,0.01583373941666667,0.001532355875,0.010715837857142859
0.0,0.00019892074999999998,0.000765196,0.0019473473750000001,0.004415433999999999,0.045970869000000004,0.025150362250000002,0.039063157999999994
8.433333333333333e-6,0.0,0.00025201775,0.00032229925,0.0009075677500000001,0.022835499727272727,0.003626138625,0.0034353455714285714
0.0,0.0,0.0007684405000000001,0.00072459125,0.000464194375,0.011235163181818181,0.007818463874999999,0.016443282714285714
0.0,0.0,0.00019596825,0.00202451225,0.000184024,0.01174614,0.004902693571428572,0.0
3.319925e-5,7.71575e-5,0.00013811075,0.000305475875,0.00014029599999999999,0.0021084006666666666,0.00019169,0.0005562202857142857
8.901375e-5,0.0,0.0006384035,0.001969278,0.0011164929999999999,0.010830051833333335,0.0,0.0017714354000000002
0.0,0.0,1.435e-5,7.500525000000001e-5,0.000889701375,0.007323322916666667,0.000289041,0.002255766
0.0,0.0,1.8366666666666665e-5,0.0,1.7415571428571428e-5,0.009714290444444445,0.0,0.0
0.0,0.0,0.0006262557500000001,0.003014893625,0.002778974142857143,0.024743311833333337,0.005340615857142857,0.0093049924
0.0,0.00083672125,0.0043599285,0.007836849,0.021067420625000003,0.11294348658333332,0.12829761574999998,0.133095879
0.0,0.00012073650000000001,0.0034754207500000004,0.00253796275,0.003120979625000001,0.026204459833333332,0.008510042,0.016920995199999997
4.55e-6,0.000594132,0.0127357435,0.014906664499999998,0.041626970375,0.14968154908333334,0.11807652642857143,0.20675257139999997
0.0,0.0,0.008245831,0.009422320375,0.007518649,0.053940513700000005,0.015168925333333333,0.111665258
0.00031277175,0.00043036875,0.005595229,0.008883731124999999,0.0134868705,0.10075118525,0.12704495600000001,0.19219674479999999
0.0,0.000399336,0.008643594000000001,0.010142947499999999,0.007684427875,0.03632475533333334,0.032073018,0.08419621819999999
0.0,0.0008429175000000001,0.0088562185,0.015594774124999999,0.00985581975,0.05680307541666666,0.04758722385714287,0.165585865
1.175e-5,0.00073693475,0.00528641925,0.01540871825,0.015442094625,0.07358298108333333,0.163718494375,0.12230227533333332
0.00012648475,0.00051451875,0.0027147505,0.00927859175,0.019303388375,0.11627358541666666,0.13793404725,0.07028510814285714
0.00011744425,0.00019293699999999999,0.0024997162500000002,0.005447825125,0.00699979225,0.06558816566666666,0.076443102125,0.09664663383333334
0.0,5.690125e-5,0.0001627835,0.000927474375,0.0007930906249999999,0.009910246083333336,0.007889888875,0.0011793332857142856
6.758175e-5,3.15e-6,3.995e-5,0.00025117125,0.00017277674999999999,0.0031127319166666667,0.0031581047499999997,0.0025808205714285713
0.0,4.2314e-5,0.00011876075,0.0006099979999999999,0.000193770625,0.001648086833333333,0.0027637325000000003,0.00044050800000000005
0.0,3.15e-6,0.0005874455,0.00060124075,0.0005681788750000002,0.010981988666666666,0.008470227125,0.008374077714285715
0.0,0.00024420525,0.000460963,0.00014892075000000002,0.0011498722499999998,0.01940665045454545,0.003158795,0.009960497714285713
0.000397747,5.4428e-5,0.005280657,0.008522548874999999,0.0157174855,0.12651163941666668,0.07027835425,0.05994270514285715
0.0,0.000539297,0.004124713,0.0071831013750000006,0.0410867225,0.22777426241666665,0.13034444537499998,0.10792650928571426
0.0,0.00027322075,0.009084813,0.01961938925,0.045088095625,0.2508255071666667,0.1471011795,0.10637823000000002
0.0,0.0,0.0007484487499999999,0.0010282808749999999,0.0005639951249999999,0.007192156583333334,0.0062788535,0.05272345228571429
NaN,NaN,NaN,NaN,NaN,0.0,0.000489079,NaN
0.0,2.505e-5,0.0001435985,0.000199573375,0.00018458625000000002,0.0017214289166666667,0.005137463714285714,0.0799707412
0.0,1.4675e-5,0.00023785024999999998,0.00059789225,8.337799999999999e-5,0.0025714930833333335,0.005308134714285714,0.0580928714
0.0,0.0,0.0003414185,0.00604881875,0.000175735375,0.001833775333333333,0.016638963,NaN
6.5978e-5,2.2224999999999998e-5,0.000123805,0.0008526501250000001,0.00062505525,0.0069528425000000005,0.012036009875,0.014161412714285714
1.8275e-5,0.0,3.1973e-5,0.0013193408750000002,2.0815375e-5,0.00423477975,0.002741346625,0.0022631915714285715
0.0,0.0,8.6924e-5,0.000111189,0.0003606545,0.0023503279166666668,0.002466101375,0.017686907285714287
0.0,0.0,0.00142696225,0.0005175846250000001,0.0018910881250000001,0.0150453925,0.005582795874999999,0.005355364285714286
0.0,0.0,9.733800000000001e-5,0.00013287016666666665,0.0007982778750000001,0.0058613325,0.004263081875,0.025103407285714283
1.005e-5,0.00015865775,5.5564e-5,0.000110521625,0.00035800275,0.0022026880833333332,0.014229676625000002,0.0
9.725e-6,6.565000000000001e-6,7.857175e-5,0.0005314801249999999,7.1764625e-5,0.0005016906666666667,0.003415825875,0.0003269082857142858
0.0,0.0,0.0,0.002045974,0.0,0.00013069516666666667,0.00320223,2.597457142857143e-5
4.7e-6,0.000168469,9.594350000000001e-5,0.0012926047500000002,0.000123387,0.0003429353333333333,0.0033644932500000004,0.001103288
0.00032721425,8.845075e-5,8.835000000000001e-6,3.2e-6,0.0002594655,0.00021705024999999997,0.004128998,0.0005039164285714286
0.0,0.0,0.0,0.00040070125,0.0,0.00010647383333333334,0.002767986125,0.000313033
0.0,0.0,0.000426372,0.0008373163750000001,0.000708180125,0.00028900000000000003,0.0023421986,0.0022855002
2.705e-5,7.9443e-5,0.0019346085000000002,0.00274570425,0.013705813249999999,0.060376704249999996,0.03720465175,0.02190469685714286
0.0,0.0,0.00035175900000000005,0.00011742025,0.00019666600000000002,0.0019170139166666666,0.00010044842857142857,5.612659999999999e-5
2.2625e-5,6.1147e-5,1.60975e-5,5.4179125e-5,1.2542857142857144e-5,0.00021026491666666666,0.0,5.55326e-5
0.0,0.00020614225,0.000215903,0.0001241192,0.0,0.0003252086666666667,0.0,0.0
0.0,0.0,0.00102140775,0.0,5.048471428571429e-5,0.0001419701111111111,0.0,0.0
1.5875e-5,0.0,3.8e-6,0.00024183925,0.0001243565,8.862966666666666e-5,8.0e-6,0.0
3.733333333333333e-5,0.0,0.0,0.0,0.0001865325,0.00020021816666666666,0.0,0.0
0.0,0.0,0.0002084345,0.0,0.0,0.0,0.0,0.0
1.97e-5,0.0,0.0,0.00030044737500000004,0.0,0.0005875746666666667,0.0,0.0
0.0,0.000133982,0.00430083525,0.0051389285,0.013038597,0.02506981091666666,0.013543028250000002,0.026242282
0.0,0.00040456,0.009913941499999999,0.006445128499999999,0.004662604749999999,0.0422131165,0.027903481166666664,0.0635179806
0.0,0.00044718175,0.00258695025,0.009484423375,0.012617812249999999,0.03260842775,0.0221348585,0.04017368171428571
0.0,0.0006982482499999999,0.008888997000000001,0.008951091125,0.014222619374999999,0.03164452191666666,0.037483056875,0.04643463028571428
7.502425e-5,0.00317468725,0.024529113499999998,0.03341198475,0.083080618125,0.25250695524999994,0.256408476125,0.08066361871428572
0.0,3.025e-6,0.000862605,0.009532072,0.016394653875,0.05397361916666666,0.044799009125000004,0.019666187714285716
0.00134501325,0.0,0.00087666425,0.00061699475,0.0005992142499999999,0.002045171666666667,0.0045065425,0.004570961285714286
8.575575e-5,0.00012196675,0.00258873375,0.0028963731249999998,0.00226056925,0.008328321083333333,0.018033750375,0.003908538714285714
1.736e-5,0.00037528500000000005,0.0046823635,0.006656681125,0.0036463072500000004,0.027044214666666663,0.02262827675,0.03123975828571429
0.0,0.00019536275,0.002564059,0.00293009425,0.0015881752500000001,0.0124810892,0.02585339675,0.042296425400000004
NaN,NaN,NaN,NaN,NaN,0.038522491500000006,0.05488179,NaN
2.882875e-5,0.0001103675,0.0012016782500000002,0.001079962625,0.001082952125,0.0031693287500000004,0.0015796209999999998,0.001981769
5.2e-6,0.0,8.166724999999999e-5,5.0553875e-5,2.4874999999999998e-5,0.0017517605000000002,0.0014587906,0.001822611
NaN,NaN,NaN,NaN,NaN,6.610133333333333e-5,0.0,NaN
0.0,0.0,0.0,0.010640188,0.003090295,0.0035718025,0.0,0.042021505
0.0,NaN,0.0,NaN,0.0,0.0,0.0001328978,0.0
4.2e-6,0.00052229275,0.005556993,0.002733473875,0.00472978725,0.010587970833333335,0.015770981875,0.007347521714285715
0.0,0.0,0.0024866795,0.00082184725,0.008132751,0.006572757181818183,0.023735021375,0.005155184857142857
8.534775e-5,0.0,0.00012590425,0.00028217275,0.00025507275000000005,0.0009680884999999999,0.006911731000000001,0.00021546871428571428
0.0,0.0,0.00062085175,3.9713375e-5,1.7737499999999997e-5,0.0006876974166666667,0.00186194925,0.0020020977142857143
0.0,0.0,0.00036098475,1.28125e-5,3.2122375e-5,0.0003497954166666667,0.00446079275,0.0012628448571428573
0.0,6.52135e-5,0.0009533962500000001,0.0016426585000000001,0.00059302625,0.0016957418333333335,0.004939558125,0.002209550285714286
NaN,NaN,NaN,NaN,NaN,0.0,0.0,0.0
0.0,0.0,0.0,0.000214724375,1.344e-5,0.0004247191,0.007087156,0.00030671219999999996
0.0,0.0,2.6541e-5,0.000480916625,2.6445375e-5,0.001760624333333333,0.0033597823999999997,0.0018605796
NaN,NaN,NaN,NaN,NaN,0.002007974666666667,0.0059930387500000005,0.006715189333333334
5.189e-5,0.0,0.0013377677500000002,0.000103266875,0.000138695125,0.00021698433333333333,0.0038695341250000004,0.001021163
0.0,0.0,0.00133970475,0.00034166299999999997,2.097375e-5,0.0004198934166666667,0.00336241025,6.652957142857143e-5
3.23635e-5,6.920875e-5,0.003340083,0.001034328875,7.6741e-5,0.00034750991666666675,0.0036976137500000002,0.00017375014285714283
0.0,0.00011383525,0.00036912375,0.000113835875,1.11125e-5,0.0005967020000000001,0.0012984026249999998,0.0
4.575e-6,0.0,0.0,6.85e-6,3.5009125000000005e-5,9.377341666666668e-5,0.0030081362500000005,0.00014325542857142855
0.0,1.445e-6,0.0003542175,0.00013701725,6.294874999999999e-5,0.00024235299999999997,0.003570780875,0.0022741528571428578
0.0,0.0,0.0,6.1731125e-5,0.00019628425000000002,1.9196333333333335e-5,0.0,0.0
0.0,0.0,0.0,0.0,0.0,1.0536636363636364e-5,0.0,0.0003443702857142857
0.0,0.0,0.00010733425,0.00029681425,0.01460063775,0.0,0.022393244,0.0038258975
0.0,0.0,0.0,0.0,0.0,0.005865357833333334,0.0,0.0
0.0,0.0,1.4275e-5,6.8641875e-5,4.7269e-5,0.0005970003333333334,0.0,0.0
0.0,0.0,0.0,0.00023200187500000002,2.825e-6,0.0,0.0066364446250000006,0.0
0.0,0.00016874975,1.8824999999999997e-5,0.000122560875,1.9725e-5,0.0004381429166666667,0.0028270634999999996,0.00010352428571428572
3.325e-6,0.0,0.0002884705,0.000249,4.8675e-6,0.0005567834166666666,0.003675117375,0.00022777800000000001
0.0,0.0,0.0,0.0,7.5375e-6,0.0,0.0,0.0
0.0,0.0,0.000150567,0.0001542665,0.0,0.00337290275,7.4798125e-5,0.0
0.0,0.0,1.5625e-5,5.7305625000000004e-5,0.0,3.976158333333333e-5,0.00362521475,9.998757142857143e-5
3.575e-6,0.00010155425,0.00026358025,0.00022615475000000002,5.36975e-5,0.0006352444166666666,0.0035720680000000003,0.000150514
0.0,1.1e-5,0.00651776675,0.001199132375,5.7888375e-5,0.03376080491666667,0.023548366499999997,0.009014582285714287
0.0,4.1592500000000005e-5,0.0009646845,0.00023933724999999998,8.102875e-5,0.0012134506666666666,0.0041413086249999995,0.0005988138571428571
9.125e-5,2.5699999999999998e-5,0.00312519325,0.0017660296249999998,0.0001445545,0.0007561223333333334,0.006796376999999999,0.00012043614285714287
0.0,8.710525e-5,0.0028470960000000003,0.00013860262499999998,0.0013579841250000002,0.0012762416666666665,0.0036241295,0.0013194884285714285
0.00044985925,0.0,0.00208107875,0.002034225375,0.0019990845,0.008518553166666666,0.009409384375,0.023955413285714287
7.817125e-5,0.0005600570000000001,0.0038962445,0.001988295125,3.652175e-5,0.00587789025,0.010760358500000003,0.006589677285714286
0.0,0.0,0.00268617025,0.0017308005,0.000728833,0.00039076472727272727,0.048759288625,0.06524008057142858
0.0,0.0,0.0113822515,0.004553663124999999,0.00156958,0.09092872633333333,0.09192858837500001,0.0005323745714285714
0.0,0.000122016,0.01019515325,0.001126100125,0.0011429555,0.038249601,0.022227604124999998,0.025409501857142858
0.0,0.0,0.00155295275,0.0008808646250000001,0.000113826875,0.00225380325,0.0009546207500000001,0.0009777574285714287
0.0,0.0,0.0008384697499999999,0.0005353721249999999,4.636575e-5,0.0004189556666666667,0.009353409125000002,0.00045448828571428574
0.0,2.475e-5,0.0005929035,0.0002983691428571429,0.00047506485714285716,0.0002538912222222222,0.0012847278571428572,0.00204000575
0.0,0.0,0.0,0.0,0.0,1.89423e-5,0.002199203,0.0
0.0,0.0,0.00437640775,0.0,5.0881e-5,0.0004513935,0.0036690090000000004,2.357142857142857e-5
0.0,0.0,0.0,0.003769647,0.0,0.0,0.0,0.006944647
NaN,0.0,NaN,0.0,0.0,0.0,0.0,NaN
0.0,0.0,0.0,0.000454781375,0.000903242375,0.0,0.002364849375,0.0
0.0,0.0,0.0,0.0,0.0,0.0,0.0,0.0
0.0,0.0,0.0,0.0001628395,0.000134841375,0.000136317,0.001036328625,0.008919349571428573
0.0,0.0,4.27305e-5,0.00015364049999999998,0.0,0.0,0.005434654375000001,0.00039195357142857146
8.05e-6,0.0,0.0006203335,0.0001469295,0.00024050512499999998,0.0011355574166666666,0.003076316375,0.006507025142857142
0.0,0.0,4.998325e-5,0.0,6.85e-6,0.0006147038333333333,0.001339495625,0.0008899838571428571
NaN,NaN,NaN,NaN,NaN,NaN,0.013821381,NaN
0.0,0.0,3.826e-5,0.000155963,0.0,6.37325e-5,0.0,2.9230428571428573e-5
NaN,0.0,0.0,0.0,0.0,0.000857551,0.0,NaN
NaN,NaN,NaN,NaN,NaN,0.0,0.0,0.0
NaN,NaN,NaN,NaN,NaN,0.0,0.00051324625,0.0
NaN,NaN,0.0,NaN,NaN,0.0006173003333333334,0.0,6.5826e-5
0.0,0.0,0.0,4.9935625e-5,1.7038875e-5,0.003135912083333333,0.00032338987499999996,7.842857142857143e-6
NaN,NaN,NaN,NaN,NaN,0.0,0.0,0.0
NaN,NaN,NaN,NaN,NaN,0.0,0.00036120425000000004,0.0
NaN,NaN,NaN,NaN,NaN,0.0,0.00638507875,0.0
NaN,NaN,NaN,NaN,NaN,0.0,0.0,NaN
0.0,0.0,0.0014314176666666665,0.0,0.00010977057142857144,7.894544444444445e-5,0.007507973,0.0
0.0,0.0,0.0,NaN,0.003259784142857143,0.0,0.0077485193749999995,0.0
0.0,0.0,0.0,0.0,0.0,0.0009855435454545454,5.504325e-5,0.004828237333333333
0.0016146643333333334,3.18e-5,1.31e-5,1.86625e-5,0.00018889912499999998,0.0009599440833333333,1.075e-5,0.009010737714285715
0.0,0.0,0.00190437425,0.0,0.00027903775,0.016604897083333334,0.0034867154999999998,0.0006433335714285714
0.0,0.0,0.0,0.0,0.00039899720000000007,0.001913227,0.01817721775,NaN
NaN,NaN,NaN,NaN,NaN,0.0,0.0,NaN
NaN,0.0,0.0,0.0,0.0,0.0,0.0,NaN
0.0,0.0,0.0,0.0,0.0,0.00121764975,0.0086335342,0.002865527
0.0,0.0,0.0008011905000000001,0.00018196525000000003,2.0029e-5,0.00021602416666666665,0.00087946425,0.0005383622857142857
0.0,0.00020196725,7.4e-6,0.00013776125,6.4595125e-5,0.0030444782727272733,0.0089052465,0.0007827663333333333
0.0,0.0,0.0,0.0006270125,8.2586625e-5,0.001386879166666667,0.002492792,0.002565286142857143
0.0,0.0,0.0,0.0,0.0,0.0013066666666666667,0.0026697789999999997,0.0
NaN,0.0,NaN,NaN,NaN,0.0,0.0,0.0
0.0,0.0,0.00230925275,0.0,0.0,0.0007711704000000001,0.000966867875,0.0
0.0,1.86e-5,0.0,0.0,1.2075e-5,0.0002448726666666667,0.0011117999999999998,0.0
NaN,NaN,NaN,NaN,NaN,NaN,0.0,NaN
0.0,0.0,0.0,6.30925e-5,0.0,0.003679755454545455,0.0035091659999999998,8.013728571428572e-5
0.0,0.0,3.2975e-5,0.000243748625,0.000228322,0.0017598932499999999,0.0009445817499999999,0.007983897714285714
2.1075e-5,0.0,0.00014245075,5.9996250000000003e-5,4.4340375e-5,0.0003802718333333333,0.00272368075,0.0
0.0,0.0,0.0,0.0,0.00015750733333333333,0.0,0.0,NaN
0.0,0.0,0.0,0.0,0.0,0.0,0.0,0.0
1.7425e-6,2.899575e-5,0.00026502899999999996,0.00015007987499999998,0.0001193485,0.0003431925,0.0005481728750000001,0.0007865774285714286
0.0002842775,0.0,0.0,0.0,0.0,0.0007408166666666667,0.0,3.192814285714285e-5
0.0,0.0,0.0,4.9197e-5,0.0002680407142857143,0.0,0.0,0.0
0.0,0.0,0.0,0.00027958685714285714,4.7364428571428565e-5,0.0,0.0,0.0
0.0,0.0,0.0,0.0,0.0,0.0,0.0,0.0
0.0,0.0,0.0,0.0,0.0,0.0,0.0,0.0
0.0,0.0,0.0,3.3759125e-5,6.9875000000000004e-6,0.001482283,0.00084362,0.0014920932857142859
0.0,0.0,0.00059961325,0.00150625375,0.000397085875,0.00414843575,0.000885295,0.00021620414285714284
NaN,NaN,NaN,NaN,0.0,0.0,NaN,0.0
0.0,2.0575e-5,7.863299999999999e-5,0.00030885975,0.0003635785,0.00039618425000000003,0.000496884125,0.0004909162857142858
1.1825e-5,2.42e-5,1.68e-6,9.273962499999999e-5,4.991325e-5,0.00033748075,6.3099e-5,0.0007071112857142857
2.3875e-5,1.17e-5,6.604624999999999e-5,0.001014440375,7.1053125e-5,0.0008643035833333332,4.3633875e-5,0.006809114285714286
0.0,0.0,0.00016352575000000002,0.0,0.0,0.00045594572727272726,0.000127882,0.0
0.0,0.0,0.0,0.0,0.0,0.0,0.0,0.0
0.0,0.0,0.0,0.0,5.3224e-5,0.0,0.0,0.0
0.0,0.0,0.0,0.002056191,0.0,0.0,0.0,NaN
0.0,0.0,4.4e-6,0.00010430375,8.554575e-5,0.0005956669166666666,1.4352875e-5,0.0
0.0,0.0,NaN,0.0,0.0,0.0,0.0,0.0
0.0,0.0,0.0,0.0,3.223025e-5,0.00074125,0.0,0.0
0.0,0.0,0.0,0.00020564375,0.00011890157142857142,0.0,0.0,0.00016266225
NaN,0.0,NaN,0.0,0.0,0.0,0.0,0.0
0.0,0.0,0.0,0.0,0.00011825725000000001,0.0,0.0,0.0001062468
NaN,0.0,NaN,0.0,0.0001981372857142857,0.0,0.0,NaN
0.0,NaN,NaN,0.0,0.0,6.6294e-5,0.0,0.0
0.0,0.0,0.0,0.0,0.0004015355,3.2367000000000004e-5,0.0,0.0
0.0,NaN,0.0,NaN,0.0,NaN,0.0,NaN
0.0,0.0,0.0,0.0,0.0,0.0,0.0,0.0
0.0,0.0,0.0,0.0,0.0,0.0,0.0,0.0
0.0,0.0,0.0,0.0,0.0,0.0,0.0,0.0
0.0,NaN,NaN,0.0,NaN,0.0,0.0,NaN
0.0,0.0,0.0,0.0,0.0,0.0002206645,0.003237377285714286,0.0
0.0,0.0,0.0,0.0,0.0007522786666666666,0.0,0.005489823285714285,0.0
NaN,NaN,NaN,NaN,NaN,0.0,NaN,NaN
0.0,0.0,0.0,0.0,0.0,5.182942857142858e-5,0.00030218325,0.0003204224
0.0,0.0,0.0,4.62675e-5,3.9261375e-5,0.004355336666666667,0.0005504659999999999,0.00028367328571428575
0.0,0.00019922825,3.016175e-5,0.0016686323750000002,0.0035357500000000003,0.004334592,0.0053302191428571425,0.0034132514
0.0,0.0,0.0,9.041149999999999e-5,0.0004030194285714286,0.0016424782999999998,0.0,0.003029302142857143
0.0,0.0,0.0,0.0,0.0,0.0,0.000112095,0.0
0.0,0.0,0.0,0.0,0.004262625,0.0,0.0,0.0
0.0,0.0,0.0,0.0,0.0,0.0,9.457033333333335e-5,NaN
0.0,0.0,1.4875e-5,0.000397130875,0.0028130425714285715,0.01515517525,0.02338478857142857,0.0
1.905e-5,0.0,3.4e-6,3.652625e-5,4.125871428571429e-5,3.1222e-5,0.001880835285714286,0.0
0.0,0.0,6.3585e-5,5.675e-6,4.600928571428572e-5,0.0,0.0,0.0
0.0,NaN,NaN,0.0,0.0,0.0002886034,0.0,0.0
0.0001017505,0.0,0.0,0.0,0.0,0.000642168,0.0,0.0
0.0,NaN,NaN,NaN,NaN,0.0,0.0,NaN
0.0,0.0,2.145e-5,0.0015637445000000001,0.0003464021428571429,0.0,0.0,0.0
NaN,NaN,NaN,0.0,NaN,0.0,0.0,NaN
0.0,0.0,4.02335e-5,0.00039317337500000004,5.0714285714285705e-6,0.00018356508333333333,1.9e-6,0.0002747214
NaN,NaN,NaN,NaN,NaN,0.0,0.0,NaN
0.0,NaN,NaN,0.0,0.0,0.0,0.0,0.0
0.0,0.0,4.975e-6,1.2087499999999999e-5,9.382628571428573e-5,0.00061146225,0.0007171749999999999,0.0017316103999999999
0.00029858449999999997,0.0,1.2375e-5,0.000359076625,0.00019088514285714285,0.00015857925,0.0,1.738e-5
0.0,NaN,NaN,0.0,0.0,1.482e-5,0.0,0.0
0.0,NaN,NaN,0.0,0.0,0.0,0.0,NaN
0.0,0.0,0.0,0.0,0.0,0.0,0.0,0.0
