region,mean_post,sd_post,mean_prior,sd_prior,ks_pvalue,updated
iFRP,0.2862700432453187,0.014608373275048764,0.0,1.0,0.0,1
iMOp,1.3162193525213661,0.06265883460570956,0.0,1.0,0.0,1
iMOs,2.1857658628674588,0.0772938795180895,0.0,1.0,0.0,1
iSSp-n,-1.1940526399171085,0.5153872566246959,0.0,1.0,0.0,1
iSSp-bfd,0.06685816044210803,0.12372784757019964,0.0,1.0,0.0,1
iSSp-ll,-0.08477714034343958,0.11430182545072079,0.0,1.0,0.0,1
iSSp-m,-0.9967175555992699,0.47388951049813666,0.0,1.0,0.0,1
iSSp-ul,0.28860920835127546,0.07126421893219233,0.0,1.0,0.0,1
iSSp-tr,-0.03574300492462348,0.07725517458506227,0.0,1.0,0.0,1
iSSp-un,-0.12288948640862718,0.08148909227173284,0.0,1.0,0.0,1
iSSs,1.954337721647842,0.06824760775858782,0.0,1.0,0.0,1
iGU,0.14099600666691048,0.05038469102108884,0.0,1.0,0.0,1
iVISC,0.3649939873192295,0.04532971144352951,0.0,1.0,0.0,1
iAUDd,0.5979537929076516,0.03793870659611249,0.0,1.0,0.0,1
iAUDp,0.4581653083374412,0.11795992086837286,0.0,1.0,0.0,1
iAUDpo,-0.736666006771134,0.22041422103333885,0.0,1.0,0.0,1
iAUDv,1.008200289109093,0.041049755953363264,0.0,1.0,0.0,1
iVISal,-0.6275844991694591,0.20103379095278817,0.0,1.0,0.0,1
iVISam,-0.38319194921884603,0.12983803403929048,0.0,1.0,0.0,1
iVISl,-0.606961082092638,0.39504070779644773,0.0,1.0,0.0,1
iVISp,-0.13812910504985665,0.8819546014608127,0.0,1.0,1.5732838798740756e-17,1
iVISpl,-0.5450048910539449,0.3182652180954826,0.0,1.0,0.0,1
iVISpm,-1.0901315829082499,0.44472514693023435,0.0,1.0,0.0,1
iVISli,-0.8573061144487629,0.29996980204651474,0.0,1.0,0.0,1
iVISpor,0.016726496579527426,0.08404918322058277,0.0,1.0,0.0,1
iACAd,1.0343064925105856,0.02727172525443583,0.0,1.0,0.0,1
iACAv,-0.51476475157621,0.16967317377479046,0.0,1.0,0.0,1
iPL,0.8344541065169707,0.019997520310865657,0.0,1.0,0.0,1
iILA,-0.3325633868004248,0.10914021607456005,0.0,1.0,0.0,1
iORBl,0.49610479566625504,0.02571858983428083,0.0,1.0,0.0,1
iORBm,-0.09505169723267265,0.05935506582991355,0.0,1.0,0.0,1
iORBvl,0.3697177788701655,0.02593022213963854,0.0,1.0,0.0,1
iAId,0.7794449555033793,0.032415369171427025,0.0,1.0,0.0,1
iAIp,0.1604458384209699,0.04780559046982471,0.0,1.0,0.0,1
iAIv,-0.01728101541920251,0.06544617821018829,0.0,1.0,0.0,1
iRSPagl,-0.12234834117194285,0.21966179927052712,0.0,1.0,0.0,1
iRSPd,-0.9406654875369097,0.5666611725726131,0.0,1.0,0.0,1
iRSPv,-1.4754258232507491,0.5672161950688015,0.0,1.0,0.0,1
iVISa,0.26868325519241776,0.11868435603216543,0.0,1.0,0.0,1
iVISrl,0.5398105155339904,0.02998581916388323,0.0,1.0,0.0,1
iTEa,1.539137380263873,0.047184987505406624,0.0,1.0,0.0,1
iPERI,0.17673176846574296,0.045362393075479304,0.0,1.0,0.0,1
iECT,0.766381102728993,0.024427745873195694,0.0,1.0,0.0,1
iMOB,-0.10225453738239637,0.7967776087531673,0.0,1.0,3.474184252338312e-147,1
iAON,-0.23909142686379006,0.43584454052439314,0.0,1.0,0.0,1
iTT,-0.9251219294548817,0.42814199719250207,0.0,1.0,0.0,1
iDP,-1.1784223712025566,0.5135195678782094,0.0,1.0,0.0,1
iPIR,-0.8340202261619273,0.44932231286380075,0.0,1.0,0.0,1
iNLOT,-1.5243340730801993,0.5620141452003753,0.0,1.0,0.0,1
iCOAp,0.3625691280246969,0.020919986417198302,0.0,1.0,0.0,1
iPAA,-1.5620410899417108,0.35771320439183457,0.0,1.0,0.0,1
iTR,0.024415113738984924,0.030169173659845675,0.0,1.0,0.0,1
iCA1,-0.766808792488436,0.7330581115021555,0.0,1.0,0.0,1
iCA2,-1.3222978296538712,0.549270803307072,0.0,1.0,0.0,1
iCA3,-0.7502716989302805,0.7243281256512604,0.0,1.0,0.0,1
iDG,-0.4815366192643882,0.7765384355635232,0.0,1.0,2.0830351224079824e-175,1
iFC,-0.9734197033035911,0.5854970376749998,0.0,1.0,0.0,1
iIG,-0.8312381595061544,0.5049319322709133,0.0,1.0,0.0,1
iENTl,0.19500896441935436,0.12392125895588182,0.0,1.0,0.0,1
iENTm,0.1529418296330661,0.12887199861749588,0.0,1.0,0.0,1
iPAR,-0.99971703140746,0.6079733216678819,0.0,1.0,0.0,1
iPOST,-1.1527131721399906,0.5542605057090978,0.0,1.0,0.0,1
iPRE,-1.002834843550565,0.5579521642989645,0.0,1.0,0.0,1
iSUB,-1.3014750414608203,0.5588840995638161,0.0,1.0,0.0,1
iProS,-1.7770417772679707,0.5345169696440429,0.0,1.0,0.0,1
iHATA,-1.8180269183682258,0.48950384166338523,0.0,1.0,0.0,1
iAPr,-0.8228544930473108,0.6104813042953752,0.0,1.0,0.0,1
iCLA,-0.28564051055791984,0.10467794307298867,0.0,1.0,0.0,1
iEP,0.13650038960156904,0.06220224473278206,0.0,1.0,0.0,1
iLA,-0.03524790208313665,0.03703620136491978,0.0,1.0,0.0,1
iBLA,1.5812714337425353,0.026722824358277195,0.0,1.0,0.0,1
iBMA,0.8447691452031939,0.02551823885364856,0.0,1.0,0.0,1
iPA,0.11423801898386407,0.024021268393177517,0.0,1.0,0.0,1
iCP,4.006422364972984,0.49391957945259013,0.0,1.0,0.0,1
iACB,1.510136033200302,0.057086812404888485,0.0,1.0,0.0,1
iFS,-0.33914673124783756,0.3726727877697116,0.0,1.0,0.0,1
iOT,-0.6982034395130149,0.6204459519960918,0.0,1.0,0.0,1
iLS,-0.32843950149682577,0.7491936937993176,0.0,1.0,2.503979038777919e-120,1
iSF,-0.7608439348928814,0.6292519391129404,0.0,1.0,0.0,1
iSH,0.23547101670254408,0.028164787558429254,0.0,1.0,0.0,1
iBA,-1.553083286055888,0.544323134170287,0.0,1.0,0.0,1
iCEA,0.769337126281508,0.019253777479537996,0.0,1.0,0.0,1
iIA,-0.12642551876405383,0.06074657626265275,0.0,1.0,0.0,1
iMEA,0.15621796600205995,0.24409173437183962,0.0,1.0,0.0,1
iPALd,-1.1862976170550839,0.5762735672618958,0.0,1.0,0.0,1
iSI,-0.6646704744972451,0.6673654828546527,0.0,1.0,0.0,1
iMA,-1.0970940271917584,0.5445285694443304,0.0,1.0,0.0,1
iMS,-1.1529988275133274,0.5787533610952935,0.0,1.0,0.0,1
iNDB,-0.8778715632753115,0.6029025464031189,0.0,1.0,0.0,1
iBST,0.685960230927432,0.028649362010065686,0.0,1.0,0.0,1
iVAL,-1.8146486688260812,0.523949893153801,0.0,1.0,0.0,1
iVM,-1.625958119592973,0.5385238542218831,0.0,1.0,0.0,1
iVPL,-1.7182973054203585,0.559233275644641,0.0,1.0,0.0,1
iVPM,-1.6341202240615065,0.5613675977289219,0.0,1.0,0.0,1
iPoT,-2.0253263018596583,0.5098814625549922,0.0,1.0,0.0,1
iSPF,-1.6763961035460293,0.5131819567055366,0.0,1.0,0.0,1
iSPA,-1.1750391856127063,0.5453845700659555,0.0,1.0,0.0,1
iPP,-2.080513198365292,0.5184322060343121,0.0,1.0,0.0,1
iMG,-2.0886117684706984,0.555210961966006,0.0,1.0,0.0,1
iLGd,-1.3412102833746227,0.5688774851947993,0.0,1.0,0.0,1
iLP,-1.283532570330472,0.5792778516090855,0.0,1.0,0.0,1
iPO,-1.5191955760677376,0.5399058223292632,0.0,1.0,0.0,1
iPOL,-2.1248197075140633,0.5476541963969083,0.0,1.0,0.0,1
iSGN,-2.0295819621465014,0.5146595362367169,0.0,1.0,0.0,1
iEth,-1.5946881448621881,0.48986741188325394,0.0,1.0,0.0,1
iLD,-1.1175605636145873,0.5977206105669092,0.0,1.0,0.0,1
iIMD,-0.15691385232773264,0.05897229029556476,0.0,1.0,0.0,1
iMD,-0.8200828960494866,0.4410939671946554,0.0,1.0,0.0,1
iSMT,-1.6946351714204329,0.5057460260487681,0.0,1.0,0.0,1
iPR,-1.8586414672171254,0.5012197472507177,0.0,1.0,0.0,1
iPVT,-0.11430014723140132,0.08154200817716226,0.0,1.0,0.0,1
iRE,-1.5261830994171581,0.5150839487549654,0.0,1.0,0.0,1
iXi,-2.6228215733887024,0.5146567717896732,0.0,1.0,0.0,1
iRH,-0.02162452402968819,0.03976353222638517,0.0,1.0,0.0,1
iCM,0.17995459663677496,0.04593171234381108,0.0,1.0,0.0,1
iPCN,-1.201650311793809,0.4064660721227976,0.0,1.0,0.0,1
iCL,-0.9559915247609346,0.405487274818039,0.0,1.0,0.0,1
iPF,-0.10500780280217238,0.189383530482135,0.0,1.0,0.0,1
iPIL,-2.2138478253798684,0.5448816514584331,0.0,1.0,0.0,1
iRT,-1.2713971910809387,0.5561425148450897,0.0,1.0,0.0,1
iIGL,-1.547630738190142,0.5089349513605296,0.0,1.0,0.0,1
iIntG,-1.7569126361646854,0.5381903761589386,0.0,1.0,0.0,1
iLGv,-1.8814711804858255,0.5299086049415094,0.0,1.0,0.0,1
iSubG,-1.6930117231095367,0.5720425168139108,0.0,1.0,0.0,1
iMH,-1.5245613565724996,0.5366590848547116,0.0,1.0,0.0,1
iLH,-1.2088385317879116,0.5353349249090904,0.0,1.0,0.0,1
iPVH,-0.7385658872031429,0.6251849436681899,0.0,1.0,0.0,1
iARH,-0.9955151746433719,0.5699847975227119,0.0,1.0,0.0,1
iADP,-0.7313905324680969,0.6045850281744408,0.0,1.0,0.0,1
iAVP,-0.6163591324234925,0.5987889550483805,0.0,1.0,0.0,1
iAVPV,-0.8605784780361426,0.6002488448889197,0.0,1.0,0.0,1
iDMH,-0.6812666953073633,0.572947273105296,0.0,1.0,0.0,1
iMEPO,-0.7975527891166586,0.5934223589901989,0.0,1.0,0.0,1
iMPO,-0.7263293077973249,0.6458755925724438,0.0,1.0,0.0,1
iPS,-0.6965892233136435,0.5945664294936657,0.0,1.0,0.0,1
iVLPO,-0.8311534494994878,0.6074042675072513,0.0,1.0,0.0,1
iAHN,-0.7237602686250288,0.6333738214160537,0.0,1.0,0.0,1
iLM,-0.7847951053540596,0.5374653059390058,0.0,1.0,0.0,1
iMM,-0.8412362286458799,0.5951972392225728,0.0,1.0,0.0,1
iSUM,-0.9234314959691061,0.6204855414550138,0.0,1.0,0.0,1
iTM,-0.7470608086419844,0.6134653826717864,0.0,1.0,0.0,1
iMPN,-0.5645791305250774,0.6630040579871687,0.0,1.0,0.0,1
iPMd,-0.8078737083809302,0.6204482268165022,0.0,1.0,0.0,1
iPMv,-0.33275889915201334,0.51059635104136,0.0,1.0,0.0,1
iVMH,-0.7364016789401799,0.6165050481079346,0.0,1.0,0.0,1
iPH,-0.6225329903914284,0.6354489391854049,0.0,1.0,0.0,1
iLHA,-0.6066486756339309,0.6772891046661649,0.0,1.0,0.0,1
iLPO,-0.8023428399069238,0.6328167299472303,0.0,1.0,0.0,1
iPST,-0.8741990123374886,0.5709567025602748,0.0,1.0,0.0,1
iPSTN,-0.9281880319025273,0.533509777414633,0.0,1.0,0.0,1
iPeF,-0.9107535736909751,0.5772726154886535,0.0,1.0,0.0,1
iRCH,-0.7403234891105992,0.6307367788392356,0.0,1.0,0.0,1
iSTN,-1.2093772374219272,0.5592882325707177,0.0,1.0,0.0,1
iTU,-0.7670675599832025,0.5929648286405691,0.0,1.0,0.0,1
iFF,-0.9146012451368503,0.5750008778174496,0.0,1.0,0.0,1
iME,-1.089486982966119,0.5855207558906276,0.0,1.0,0.0,1
iSCs,-0.5963414098176921,0.651774226821252,0.0,1.0,0.0,1
iIC,-0.5935022498817116,0.6686813970493705,0.0,1.0,0.0,1
iSAG,-0.8840134825012451,0.5833144470039162,0.0,1.0,0.0,1
iPBG,-0.948515976076234,0.5765362006426986,0.0,1.0,0.0,1
iSCO,-0.9405918766173579,0.5737296253899571,0.0,1.0,0.0,1
iSNr,0.32764411407151417,0.053793918879178095,0.0,1.0,0.0,1
iVTA,0.6272496385171179,0.017799140676522853,0.0,1.0,0.0,1
iMRN,-0.16491605531673031,0.8743451901853128,0.0,1.0,1.0500916962515392e-22,1
iSCm,-0.1581492995941637,0.9071632302037016,0.0,1.0,3.362567046136402e-13,1
iPRC,-0.8290084488193314,0.6078491084683257,0.0,1.0,0.0,1
iINC,-0.8877732641064074,0.591976374060635,0.0,1.0,0.0,1
iND,-0.8884026501219391,0.6083531821627571,0.0,1.0,0.0,1
iSu3,-0.8354425053472253,0.6311077870472855,0.0,1.0,0.0,1
iAPN,-0.6672635800659127,0.618573207156843,0.0,1.0,0.0,1
iMPT,-0.7837470829316548,0.6028827191956225,0.0,1.0,0.0,1
iNOT,-0.8423621567071102,0.6365133661549409,0.0,1.0,0.0,1
iNPC,-0.7614254951749767,0.6259713260071864,0.0,1.0,0.0,1
iOP,-0.791176523147197,0.6149028830275168,0.0,1.0,0.0,1
iPPT,-0.7953970155573135,0.5945887057243587,0.0,1.0,0.0,1
iRPF,-0.7570177343266843,0.6082115568402441,0.0,1.0,0.0,1
iCUN,-0.6774151536132451,0.6248158607225056,0.0,1.0,0.0,1
iRN,-0.6850537983812292,0.5994446264398305,0.0,1.0,0.0,1
iIII,-0.7980737940551454,0.6105159524086187,0.0,1.0,0.0,1
iMA3,-0.9128933277829834,0.5578176291441558,0.0,1.0,0.0,1
iIV,-0.7945665492751858,0.5966214098965326,0.0,1.0,0.0,1
iPa4,-0.8578439851270079,0.5978782445278938,0.0,1.0,0.0,1
iVTN,-0.5340762839620781,0.677289514931596,0.0,1.0,0.0,1
iAT,-0.7918011162203202,0.5790883194485129,0.0,1.0,0.0,1
iLT,-1.2046934450101694,0.5069887755664243,0.0,1.0,0.0,1
iMT,0.13694812745982818,0.017336290459984836,0.0,1.0,0.0,1
iSNc,1.2295642381929384,0.030768410792565374,0.0,1.0,0.0,1
iPPN,0.20701268043723817,0.06759588672036648,0.0,1.0,0.0,1
iIF,-0.9308991907547886,0.6085608102334317,0.0,1.0,0.0,1
iIPN,-0.8287417674043455,0.6301171321247293,0.0,1.0,0.0,1
iRL,-0.6758610513526203,0.5900472697888403,0.0,1.0,0.0,1
iCLI,0.1370248182603868,0.037454329213582556,0.0,1.0,0.0,1
iDR,-0.06072635749041268,0.36518596977422635,0.0,1.0,0.0,1
iNLL,-0.7980128503294427,0.6225019775591011,0.0,1.0,0.0,1
iPSV,-0.7283279226441282,0.635139881029218,0.0,1.0,0.0,1
iPB,-0.3430814404298983,0.7157406084445803,0.0,1.0,3.4027138809164015e-276,1
iSOC,-0.7638236701488704,0.6019171854940683,0.0,1.0,0.0,1
iPG,-0.6536484035515316,0.6417642987439567,0.0,1.0,0.0,1
iSUT,-0.49212384157502004,0.6980621894616291,0.0,1.0,3.671523337106086e-289,1
iTRN,-0.7200154170416029,0.6491663082746899,0.0,1.0,0.0,1
iP5,-0.4471404080414468,0.7022440149744459,0.0,1.0,3.3530930915567247e-261,1
iPC5,-0.7382594596856535,0.5963979877926013,0.0,1.0,0.0,1
iCS,-0.8055235693600801,0.6211345547908419,0.0,1.0,0.0,1
iPRNr,-0.5238488028883257,0.6961445071782738,0.0,1.0,7.422970395611601e-297,1
iNTB,-0.44118115116633816,0.7318746270329562,0.0,1.0,3.8578513405830463e-213,1
iCB,-0.23236759715345526,0.8294206631232731,0.0,1.0,5.371102068909198e-45,1
cFRP,0.13812997669395657,0.02691111635675344,0.0,1.0,0.0,1
cMOp,0.05430107945482176,0.5568420387518694,0.0,1.0,1.3896942253925625e-120,1
cMOs,1.6804592505689262,0.10946100087996057,0.0,1.0,0.0,1
cSSp-n,-1.074334314544431,0.6203625295011435,0.0,1.0,0.0,1
cSSp-bfd,-1.0018042641413758,0.6079972567643528,0.0,1.0,0.0,1
cSSp-ll,-0.979148774574288,0.5902763858692115,0.0,1.0,0.0,1
cSSp-m,-0.998088056247665,0.5791040666704076,0.0,1.0,0.0,1
cSSp-ul,-0.7626811680992989,0.5488869211367758,0.0,1.0,0.0,1
cSSp-tr,-0.8612868246637274,0.5313573700704856,0.0,1.0,0.0,1
cSSp-un,-1.0577672585786677,0.4939128638719627,0.0,1.0,0.0,1
cSSs,-0.09915944400121268,0.707351711979341,0.0,1.0,9.934907594959846e-76,1
cGU,-0.2228895330183786,0.22110707945509395,0.0,1.0,0.0,1
cVISC,0.1338529094448533,0.0832397391428142,0.0,1.0,0.0,1
cAUDd,-0.8767162441026178,0.5164523448424355,0.0,1.0,0.0,1
cAUDp,-0.813154266554423,0.647859043305142,0.0,1.0,0.0,1
cAUDpo,-1.209684598629638,0.5225559949448145,0.0,1.0,0.0,1
cAUDv,0.11010476028296816,0.2861120686528923,0.0,1.0,0.0,1
cVISal,-1.1272968359863584,0.534488858966903,0.0,1.0,0.0,1
cVISam,-1.198578224639204,0.527086462726743,0.0,1.0,0.0,1
cVISl,-0.9245131570578381,0.6144084470331859,0.0,1.0,0.0,1
cVISp,-0.16734239281736962,0.8897026317399128,0.0,1.0,5.40481279065729e-17,1
cVISpl,-1.0089028156788202,0.5592529808189761,0.0,1.0,0.0,1
cVISpm,-1.14980502243903,0.5950195246755772,0.0,1.0,0.0,1
cVISli,-1.3469124872446787,0.5684262457393727,0.0,1.0,0.0,1
cVISpor,-0.9048242473556029,0.5178618233688138,0.0,1.0,0.0,1
cACAd,0.5518041605884506,0.05215308285137181,0.0,1.0,0.0,1
cACAv,-1.5385845430625669,0.5054811482712224,0.0,1.0,0.0,1
cPL,0.5543898510728544,0.044701057441708165,0.0,1.0,0.0,1
cILA,-0.5433905608289668,0.2563824307582154,0.0,1.0,0.0,1
cORBl,0.4314226015297824,0.03625156339600176,0.0,1.0,0.0,1
cORBm,-0.6323901325402155,0.22480038370143463,0.0,1.0,0.0,1
cORBvl,0.018451621721650786,0.08111760165080531,0.0,1.0,0.0,1
cAId,0.7770121301516968,0.04009516609736775,0.0,1.0,0.0,1
cAIp,0.46810655883535907,0.049021145828644794,0.0,1.0,0.0,1
cAIv,0.03603303391867327,0.07064834991097453,0.0,1.0,0.0,1
cRSPagl,-0.8678625508525609,0.6194352439906001,0.0,1.0,0.0,1
cRSPd,-0.9112244219711638,0.6631091211124562,0.0,1.0,0.0,1
cRSPv,-1.0918752530155587,0.6317593751726984,0.0,1.0,0.0,1
cVISa,-1.0903263751955352,0.5652423229938085,0.0,1.0,0.0,1
cVISrl,-0.8104921125565415,0.5514898577892835,0.0,1.0,0.0,1
cTEa,1.0070325367609814,0.07227315723016119,0.0,1.0,0.0,1
cPERI,0.48156319590150576,0.022394302084246375,0.0,1.0,0.0,1
cECT,0.8382839298575726,0.02291724776252348,0.0,1.0,0.0,1
cMOB,-0.10860005920051029,0.7627569562060984,0.0,1.0,6.351636003741345e-148,1
cAON,0.04923560362429719,0.4737212067344219,0.0,1.0,1.7836629712884863e-254,1
cTT,-0.6959210144104736,0.4906886590909087,0.0,1.0,0.0,1
cDP,-1.0360207470760558,0.5736727863159944,0.0,1.0,0.0,1
cPIR,-1.0433216517239086,0.6162909349519748,0.0,1.0,0.0,1
cCOAp,-1.0783505509509788,0.6061181658359085,0.0,1.0,0.0,1
cPAA,-1.385506681039637,0.5235300033668892,0.0,1.0,0.0,1
cTR,-1.2448951710692209,0.519689917063147,0.0,1.0,0.0,1
cCA1,-0.50442669135962,0.8178683154050044,0.0,1.0,2.474106020155822e-158,1
cCA2,-1.1039693395648633,0.5646788311045247,0.0,1.0,0.0,1
cCA3,-0.5351489111662769,0.7306928510340495,0.0,1.0,2.1978360469537312e-243,1
cDG,-0.3517441166511621,0.8151347759863433,0.0,1.0,2.698605724325612e-89,1
cFC,-0.9229919066459258,0.6041231713853302,0.0,1.0,0.0,1
cIG,-1.1750526413025753,0.5551625429138692,0.0,1.0,0.0,1
cENTl,0.11783676527432378,0.2791807963675517,0.0,1.0,0.0,1
cENTm,-1.1491472179195485,0.6228069878432723,0.0,1.0,0.0,1
cPAR,-0.8610603932247086,0.6186952210957065,0.0,1.0,0.0,1
cPOST,-0.9334957750550311,0.6018012907765686,0.0,1.0,0.0,1
cPRE,-0.8760085867383934,0.6188062577217767,0.0,1.0,0.0,1
cSUB,-1.0884102700323939,0.5867693432349996,0.0,1.0,0.0,1
cProS,-1.2726844088589782,0.5925325584058745,0.0,1.0,0.0,1
cHATA,-1.3368596969631326,0.5603123545229273,0.0,1.0,0.0,1
cAPr,-0.8108422288857884,0.6222566306351698,0.0,1.0,0.0,1
cCLA,-0.13292314616798587,0.14095843368080793,0.0,1.0,0.0,1
cEP,-0.314841078837112,0.3496359346582606,0.0,1.0,0.0,1
cLA,-0.8025966475527616,0.27755889888632884,0.0,1.0,0.0,1
cBLA,0.9252314741893343,0.024378426295636295,0.0,1.0,0.0,1
cBMA,0.0847556395420034,0.13985137628554603,0.0,1.0,0.0,1
cPA,-1.2994782138191765,0.5521435949335044,0.0,1.0,0.0,1
cCP,-0.006389235978960384,0.9774696658431148,0.0,1.0,0.28043629427238337,0
cACB,0.38243160078139976,1.0224095046675103,0.0,1.0,1.1948001373466892e-197,1
cFS,-0.43530575095523455,0.6369005581180885,0.0,1.0,0.0,1
cOT,-0.5657972521615068,0.7054436300642772,0.0,1.0,5.1867817947e-313,1
cLS,-0.3494794503465857,0.8117873333263829,0.0,1.0,8.105390392920416e-104,1
cSF,-0.7166409188666027,0.6494866868937433,0.0,1.0,0.0,1
cSH,-0.605675592452088,0.6406235939588084,0.0,1.0,0.0,1
cBA,-0.9523192818825772,0.562474967851308,0.0,1.0,0.0,1
cCEA,-0.489003071898453,0.6339338659993827,0.0,1.0,0.0,1
cIA,-0.6248785765201909,0.5336720292343765,0.0,1.0,0.0,1
cMEA,-0.5936921060474305,0.6723109332211925,0.0,1.0,0.0,1
cPALd,-0.9162054694089508,0.6259925411762174,0.0,1.0,0.0,1
cSI,-0.59167795718311,0.7123418937977087,0.0,1.0,4.064851358834473e-306,1
cMA,-0.9323195821119836,0.603015338251338,0.0,1.0,0.0,1
cMS,-1.082651674278791,0.5841994816510077,0.0,1.0,0.0,1
cNDB,-0.7812158284972331,0.6138244302998855,0.0,1.0,0.0,1
cBST,-0.5285735172625927,0.6927726889161353,0.0,1.0,4.977656530372628e-297,1
cVAL,-1.1948650550991025,0.5681586251678047,0.0,1.0,0.0,1
cVM,-1.1528373572016768,0.590267061725819,0.0,1.0,0.0,1
cVPL,-0.9767398696811319,0.6184592498682967,0.0,1.0,0.0,1
cVPM,-0.902669655582713,0.6254830314711521,0.0,1.0,0.0,1
cPoT,-1.2203930094032214,0.5766544774183244,0.0,1.0,0.0,1
cSPF,-1.15872937239062,0.5580380812467447,0.0,1.0,0.0,1
cSPA,-1.0102092529179767,0.5405237684252614,0.0,1.0,0.0,1
cPP,-1.1354806507088888,0.5736932356788071,0.0,1.0,0.0,1
cMG,-1.1426920721741494,0.6094534988247089,0.0,1.0,0.0,1
cLGd,-0.8466124157802483,0.6148353757558921,0.0,1.0,0.0,1
cLP,-0.7902876481464358,0.6281578036593608,0.0,1.0,0.0,1
cPO,-0.9099709959925193,0.6003025863789239,0.0,1.0,0.0,1
cPOL,-1.2867739769113757,0.5767638277603266,0.0,1.0,0.0,1
cSGN,-1.2475476441331212,0.547922566947176,0.0,1.0,0.0,1
cEth,-1.073301155835369,0.5573372161613743,0.0,1.0,0.0,1
cLD,-0.7852717444316911,0.6354397657629302,0.0,1.0,0.0,1
cIMD,-0.9136571448170955,0.41041460830575566,0.0,1.0,0.0,1
cMD,-1.1028056121929144,0.6122270442213068,0.0,1.0,0.0,1
cSMT,-1.3936074484112637,0.5648915544941714,0.0,1.0,0.0,1
cPR,-1.5935869249365364,0.5316045603520969,0.0,1.0,0.0,1
cPVT,-0.8720653873584957,0.513420868651547,0.0,1.0,0.0,1
cRE,-1.5736233547186624,0.5241657556122524,0.0,1.0,0.0,1
cXi,-2.0303437635513384,0.3901184871192275,0.0,1.0,0.0,1
cRH,-0.0837654065101725,0.0889170217516035,0.0,1.0,0.0,1
cCM,-0.5651908205312237,0.3464382349295557,0.0,1.0,0.0,1
cPCN,-1.3554207549459316,0.5657683567942715,0.0,1.0,0.0,1
cCL,-0.9916956527899978,0.5517609398633949,0.0,1.0,0.0,1
cPF,-0.8062021971821728,0.5999678105312695,0.0,1.0,0.0,1
cPIL,-1.288751673050147,0.5612935150508939,0.0,1.0,0.0,1
cRT,-0.8134627829531703,0.6316451250566224,0.0,1.0,0.0,1
cIGL,-1.0421816473221357,0.5682070220344821,0.0,1.0,0.0,1
cIntG,-1.1381600768726348,0.5473339633089093,0.0,1.0,0.0,1
cLGv,-1.0907193719291122,0.5699092596390568,0.0,1.0,0.0,1
cSubG,-0.9145578177066332,0.5672105672472952,0.0,1.0,0.0,1
cMH,-1.166347732981922,0.543260559640983,0.0,1.0,0.0,1
cLH,-1.031877578268172,0.559582773409536,0.0,1.0,0.0,1
cPVH,-0.6373857635726274,0.6649171355909979,0.0,1.0,0.0,1
cARH,-0.8579645985568338,0.5684670312700061,0.0,1.0,0.0,1
cADP,-0.7582129618085314,0.6418341039563337,0.0,1.0,0.0,1
cAVP,-0.7547351733561918,0.6135435016385506,0.0,1.0,0.0,1
cAVPV,-0.777121668933964,0.626400008230339,0.0,1.0,0.0,1
cDMH,-0.7977377287634051,0.6007121488831655,0.0,1.0,0.0,1
cMEPO,-1.008738116433383,0.5925355371081203,0.0,1.0,0.0,1
cMPO,-0.6521029258740195,0.6558264771937184,0.0,1.0,0.0,1
cPS,-0.716879727797894,0.6170175788663949,0.0,1.0,0.0,1
cVLPO,-0.7292879856342778,0.6500498592783845,0.0,1.0,0.0,1
cAHN,-0.6023556477782664,0.6602159515489373,0.0,1.0,0.0,1
cLM,-0.8515825428563414,0.5876626851650607,0.0,1.0,0.0,1
cMM,-0.7540200481852533,0.6159924402344996,0.0,1.0,0.0,1
cSUM,-0.7122592320802594,0.588649814680466,0.0,1.0,0.0,1
cTM,-0.6305636480654861,0.6245061472949832,0.0,1.0,0.0,1
cMPN,-0.6320303045214303,0.6762401444070658,0.0,1.0,0.0,1
cPMd,-0.7195331243528534,0.6481984820009007,0.0,1.0,0.0,1
cPMv,-0.7215833882725349,0.6175223159514424,0.0,1.0,0.0,1
cVMH,-0.792304843695053,0.6483554560470897,0.0,1.0,0.0,1
cPH,-0.5803674507044421,0.6672349622618587,0.0,1.0,0.0,1
cLHA,-0.45448678813978766,0.7256941823619265,0.0,1.0,9.375583665835725e-198,1
cLPO,-0.7031659357122731,0.6508574905959669,0.0,1.0,0.0,1
cPST,-0.8399632160542106,0.6020690272931188,0.0,1.0,0.0,1
cPSTN,-0.8511015752524502,0.6172573648008641,0.0,1.0,0.0,1
cPeF,-0.7967700225832431,0.6183069781963153,0.0,1.0,0.0,1
cRCH,-0.7131880891445003,0.6715812938922385,0.0,1.0,0.0,1
cSTN,-0.8643500975251525,0.5774136042354441,0.0,1.0,0.0,1
cTU,-0.7170658439425722,0.6445330116183465,0.0,1.0,0.0,1
cFF,-0.7549731039069185,0.6318145225970563,0.0,1.0,0.0,1
cME,-0.9276191111635023,0.5433763383450786,0.0,1.0,0.0,1
cSCs,-0.5516705917865385,0.6835790735856154,0.0,1.0,0.0,1
cIC,-0.5625572203879119,0.6984492239449693,0.0,1.0,0.0,1
cSAG,-0.8075324611529231,0.6057160043318484,0.0,1.0,0.0,1
cPBG,-0.8215990501756789,0.5801894656202269,0.0,1.0,0.0,1
cSCO,-1.0381092357748025,0.5799905561313281,0.0,1.0,0.0,1
cSNr,-0.6277373305686799,0.6798011348189741,0.0,1.0,0.0,1
cVTA,-0.7057757473427476,0.6064004073050464,0.0,1.0,0.0,1
cPN,-0.7564524571809199,0.6142592243763348,0.0,1.0,0.0,1
cMRN,-0.15616623343102692,0.9136069433063166,0.0,1.0,2.8013516850511073e-14,1
cSCm,-0.10320008976860434,0.911238455342493,0.0,1.0,2.400075095727354e-7,1
cPRC,-0.759811285889464,0.5930740557424239,0.0,1.0,0.0,1
cINC,-0.8445306035292217,0.6201893018731209,0.0,1.0,0.0,1
cND,-0.8042681733536678,0.6150012298646851,0.0,1.0,0.0,1
cSu3,-0.6968376336868173,0.6111555220136977,0.0,1.0,0.0,1
cAPN,-0.6130667382072296,0.7036631931279621,0.0,1.0,0.0,1
cMPT,-0.7818691989850166,0.6425308146656009,0.0,1.0,0.0,1
cNOT,-0.774085594170195,0.610500853511265,0.0,1.0,0.0,1
cNPC,-0.7142015744070036,0.6165196832485215,0.0,1.0,0.0,1
cOP,-0.7559532250437918,0.6250136471560742,0.0,1.0,0.0,1
cPPT,-0.7332514221637781,0.5960814294857134,0.0,1.0,0.0,1
cRPF,-0.7020119371241419,0.6318016665089679,0.0,1.0,0.0,1
cCUN,-0.7243049304052859,0.6423247409487438,0.0,1.0,0.0,1
cRN,-0.6544846379183606,0.6219116218723438,0.0,1.0,0.0,1
cIII,-0.6923301242220486,0.6435343563809272,0.0,1.0,0.0,1
cMA3,-0.8524446633145769,0.5972290046540272,0.0,1.0,0.0,1
cIV,-0.7738919771594754,0.5977268929902054,0.0,1.0,0.0,1
cPa4,-0.8029854416965073,0.5998704926802193,0.0,1.0,0.0,1
cVTN,-0.6777710985095433,0.6627652607530529,0.0,1.0,0.0,1
cAT,-0.825947311102746,0.6400253535815617,0.0,1.0,0.0,1
cLT,-0.9621301210161426,0.5730712059742991,0.0,1.0,0.0,1
cDT,-0.5443520033586196,0.7342989682881337,0.0,1.0,1.1450990232711951e-275,1
cMT,-0.818598453979634,0.6109005749523396,0.0,1.0,0.0,1
cSNc,-0.785680061332276,0.5889353386579267,0.0,1.0,0.0,1
cPPN,-0.6688690535406391,0.6446508585261921,0.0,1.0,0.0,1
cIF,-0.8786718057212414,0.5934224147093915,0.0,1.0,0.0,1
cIPN,-0.7878973976541187,0.6660011693731838,0.0,1.0,0.0,1
cRL,-0.8703566403319175,0.5867116109550936,0.0,1.0,0.0,1
cCLI,-0.7691826584886948,0.6320765401269771,0.0,1.0,0.0,1
cDR,-0.58684303628138,0.5859434463164919,0.0,1.0,0.0,1
cNLL,-0.78685084109885,0.6349471303565719,0.0,1.0,0.0,1
cPSV,-0.7338126647601451,0.6246300129263757,0.0,1.0,0.0,1
cSOC,-0.7279749098081204,0.6000970247673002,0.0,1.0,0.0,1
cPG,-0.6579731148374779,0.6771854878721947,0.0,1.0,0.0,1
cSUT,-0.6644098517658419,0.6466678642494206,0.0,1.0,0.0,1
cTRN,-0.7186768750244721,0.636321359605999,0.0,1.0,0.0,1
cP5,-0.6489929873333328,0.674487989097753,0.0,1.0,0.0,1
cPC5,-0.7571821831273399,0.636260026103525,0.0,1.0,0.0,1
cCS,-0.8234830951193242,0.612622069119178,0.0,1.0,0.0,1
cPRNr,-0.5091982159215759,0.709072014235427,0.0,1.0,9.487298273805372e-278,1
cNTB,-0.5782092308896649,0.6597224813065864,0.0,1.0,0.0,1
cCB,-0.24169954733618737,0.8292488616353855,0.0,1.0,9.082122013120326e-45,1
