mouse,mpi,iFRP,iMOp,iMOs,iSSp-n,iSSp-bfd,iSSp-ll,iSSp-m,iSSp-ul,iSSp-tr,iSSp-un,iSSs,iGU,iVISC,iAUDd,iAUDp,iAUDpo,iAUDv,iVISal,iVISam,iVISl,iVISp,iVISpl,iVISpm,iVISli,iVISpor,iACAd,iACAv,iPL,iILA,iORBl,iORBm,iORBvl,iAId,iAIp,iAIv,iRSPagl,iRSPd,iRSPv,iVISa,iVISrl,iTEa,iPERI,iECT,iMOB,iAON,iTT,iDP,iPIR,iNLOT,iCOAp,iPAA,iTR,iCA1,iCA2,iCA3,iDG,iFC,iIG,iENTl,iENTm,iPAR,iPOST,iPRE,iSUB,iProS,iHATA,iAPr,iCLA,iEP,iLA,iBLA,iBMA,iPA,iCP,iACB,iFS,iOT,iLS,iSF,iSH,iBA,iCEA,iIA,iMEA,iPALd,iSI,iMA,iMS,iNDB,iBST,iVAL,iVM,iVPL,iVPM,iPoT,iSPF,iSPA,iPP,iMG,iLGd,iLP,iPO,iPOL,iSGN,iEth,iLD,iIMD,iMD,iSMT,iPR,iPVT,iRE,iXi,iRH,iCM,iPCN,iCL,iPF,iPIL,iRT,iIGL,iIntG,iLGv,iSubG,iMH,iLH,iPVH,iARH,iADP,iAVP,iAVPV,iDMH,iMEPO,iMPO,iPS,iVLPO,iAHN,iLM,iMM,iSUM,iTM,iMPN,iPMd,iPMv,iVMH,iPH,iLHA,iLPO,iPST,iPSTN,iPeF,iRCH,iSTN,iTU,iFF,iME,iSCs,iIC,iSAG,iPBG,iSCO,iSNr,iVTA,iMRN,iSCm,iPRC,iINC,iND,iSu3,iAPN,iMPT,iNOT,iNPC,iOP,iPPT,iRPF,iCUN,iRN,iIII,iMA3,iIV,iPa4,iVTN,iAT,iLT,iMT,iSNc,iPPN,iIF,iIPN,iRL,iCLI,iDR,iNLL,iPSV,iPB,iSOC,iPG,iSUT,iTRN,iP5,iPC5,iCS,iPRNr,iNTB,iCB,cFRP,cMOp,cMOs,cSSp-n,cSSp-bfd,cSSp-ll,cSSp-m,cSSp-ul,cSSp-tr,cSSp-un,cSSs,cGU,cVISC,cAUDd,cAUDp,cAUDpo,cAUDv,cVISal,cVISam,cVISl,cVISp,cVISpl,cVISpm,cVISli,cVISpor,cACAd,cACAv,cPL,cILA,cORBl,cORBm,cORBvl,cAId,cAIp,cAIv,cRSPagl,cRSPd,cRSPv,cVISa,cVISrl,cTEa,cPERI,cECT,cMOB,cAON,cTT,cDP,cPIR,cCOAp,cPAA,cTR,cCA1,cCA2,cCA3,cDG,cFC,cIG,cENTl,cENTm,cPAR,cPOST,cPRE,cSUB,cProS,cHATA,cAPr,cCLA,cEP,cLA,cBLA,cBMA,cPA,cCP,cACB,cFS,cOT,cLS,cSF,cSH,cBA,cCEA,cIA,cMEA,cPALd,cSI,cMA,cMS,cNDB,cBST,cVAL,cVM,cVPL,cVPM,cPoT,cSPF,cSPA,cPP,cMG,cLGd,cLP,cPO,cPOL,cSGN,cEth,cLD,cIMD,cMD,cSMT,cPR,cPVT,cRE,cXi,cRH,cCM,cPCN,cCL,cPF,cPIL,cRT,cIGL,cIntG,cLGv,cSubG,cMH,cLH,cPVH,cARH,cADP,cAVP,cAVPV,cDMH,cMEPO,cMPO,cPS,cVLPO,cAHN,cLM,cMM,cSUM,cTM,cMPN,cPMd,cPMv,cVMH,cPH,cLHA,cLPO,cPST,cPSTN,cPeF,cRCH,cSTN,cTU,cFF,cME,cSCs,cIC,cSAG,cPBG,cSCO,cSNr,cVTA,cPN,cMRN,cSCm,cPRC,cINC,cND,cSu3,cAPN,cMPT,cNOT,cNPC,cOP,cPPT,cRPF,cCUN,cRN,cIII,cMA3,cIV,cPa4,cVTN,cAT,cLT,cDT,cMT,cSNc,cPPN,cIF,cIPN,cRL,cCLI,cDR,cNLL,cPSV,cSOC,cPG,cSUT,cTRN,cP5,cPC5,cCS,cPRNr,cNTB,cCB
401,4,0.0,0.000366732,1.81e-5,,0.001059027,,0.000483062,0.0,0.000600819,0.007135034,0.003482892,0.000422166,0.004871619,0.0,0.001643908,0.006839037,0.005037427,0.000921562,,0.001976655,0.003435594,0.004117992,0.000483917,0.006318043,0.001373502,0.00093017,0.0,0.0,,0.0,0.0,8.48e-5,0.000266059,0.000280703,0.0,7.79e-5,0.002572995,0.000216013,9.93e-5,,0.002789101,0.002261549,0.006359294,0.0,3.29e-5,0.0,,0.001438091,0.0,0.00019558,0.001265151,0.000576331,0.003516323,0.003985908,0.018602679,0.023338984,0.0,0.0,0.004696671,0.000427168,0.000106673,0.000168381,0.002053283,0.000400598,0.001374477,0.0,0.01211101,0.0,0.002084776,0.00216113,0.001269171,0.000626375,0.001985524,0.00027736,0.000173121,,0.000485446,6.37e-5,,,,0.00167521,0.006372777,0.002097135,0.00061173,0.000293728,,0.0,0.000258138,,0.002528872,0.000983011,0.003117191,0.002585596,0.0,0.0,,0.0,0.000196198,0.0,0.000441648,0.0,0.0,0.0,0.0,0.000620579,0.0,0.0,0.0,0.000997156,0.001530301,0.0,0.0,0.0,0.000697778,0.0,0.0,,0.0,0.000155144,,,0.0,,0.000485049,0.000443262,0.0,0.0,,,,0.0,,,,,0.0,0.0,0.002628132,0.0,,,,,0.001937153,,0.00072848,,,,0.0,0.0,,0.002224019,,0.0,3.83e-5,0.0,0.0,0.0,0.0,0.000377368,0.0,0.000407347,0.000126591,,0.0,0.0,0.0,0.000626336,,0.0,,,0.0,,,0.0,0.0,0.0,0.0,0.0,,0.0,0.0,0.0,0.0,0.000273566,0.0,0.000675965,0.0,0.001159525,0.001185706,0.0,,,,0.000514928,,0.000748296,,,0.000715269,0.000110183,,0.0,0.0,0.000209157,0.000105057,,0.003949614,0.0,0.00022735,0.000231772,0.002172727,0.069696278,0.006223924,0.000135463,0.019939398,,0.000741831,0.012749666,0.006395497,0.007213853,,0.002428763,0.001133715,0.005125977,0.008588114,0.006183114,0.003474956,9.62e-5,0.0,0.0,,7.09e-5,9.34e-5,8.92e-5,0.001645455,0.002522679,0.005878539,0.004247638,0.000849485,0.000491958,0.000783821,,0.011185196,0.097717306,0.014108632,0.0,0.001182725,0.001098461,,0.01364647,0.000450889,0.000525262,0.03185631,0.052538377,0.003799425,0.04131273,0.294440726,0.0,0.0,0.044732486,0.015372958,0.002444098,0.000246955,0.004122581,0.006886966,0.019774096,0.000237014,0.0,0.001311129,0.007348166,0.000981377,0.007440288,0.001808812,0.0,0.001662213,0.001978953,,0.006386311,0.0,,,,0.001508728,0.0,0.000303283,0.000745526,0.000242229,,0.0,0.0,,0.00030242,0.0,0.002114521,0.000166744,0.024707679,0.001831078,,0.002340148,0.000447299,0.0,0.008595898,0.00088872,0.001294465,0.0,0.0,0.003223705,0.0,0.000240608,0.000517207,0.0,0.002139182,0.000439761,0.000959458,0.0,0.002629727,0.0,0.000925112,,0.001613525,0.010202247,,,0.0,,0.001036417,0.0,0.003776973,0.0,,,,0.0,,,,,0.003916509,0.0,0.0,0.059777987,,,,,0.0,,0.00093209,,,,0.001368409,0.0,,0.000435103,,0.0,0.000189466,0.0,0.0,0.0,0.0,0.000636734,0.000437169,,2.33e-5,0.000552796,,0.001102561,0.0,0.0,0.003203132,,0.0,0.0,,0.0,,,0.001111098,0.0,0.0,,0.0,,,0.0,0.0,0.0,0.0,0.0,0.0,0.004925994,0.0,0.002002129,0.0,0.0,,,7.11e-5,,0.0,,,0.0,0.000149096,,0.0
402,4,0.0,0.0,0.0,0.0,0.0,0.0,4.81e-5,0.000150747,0.019405921,0.0,0.000782307,0.0,0.011168313,0.007836036,0.005866146,0.015984883,0.001569689,0.003187701,,0.0,0.001473176,,0.0,0.000530137,,0.0,0.0,0.0,0.0,0.0,0.0,0.000117451,6.36e-5,0.0,0.0,0.000503553,0.000240327,0.000273873,0.0,0.000892882,0.007482971,0.003636443,0.004812878,0.0,0.0,0.0,,0.001867726,0.002687149,0.001014903,0.0,0.0,0.002169995,0.002927622,0.015907204,0.021870693,,0.0,0.007539264,,,0.000440911,0.0,0.004234662,0.001552994,0.000507184,0.0,0.001168289,0.0,,0.0,0.0,0.001529757,0.000562074,0.001706238,,0.000223572,0.0,,0.0,,0.0,0.0,0.0,0.000291481,0.000182894,,0.0,0.000246709,,0.000167958,0.0,0.0,,0.0,0.0,,0.001952185,0.0,,0.0,,0.0,0.0,,0.000725608,0.0,0.0,0.0,0.0,0.0,0.0,0.0,0.009450977,0.0,0.0,0.0,,0.00061711,0.0,,,,,0.0,0.0,0.0,,,,,,,,,,0.0,0.0,0.0,0.0,,,,,,,0.0,,,,0.0,0.0,,,,,0.000976819,,,,,0.000356256,0.0,0.00106095,0.000297238,,0.0,0.0,0.0,0.000664786,,0.0,,,0.0,,,0.0,0.0,0.0,,,,,0.0,0.0,0.0,,0.0,0.0,0.0,0.0,,,,,,0.0,,0.0,,,0.0,0.0,,0.0,0.0,0.0,0.000529756,,0.00644129,0.0,0.000168101,0.000139108,0.006652322,0.0,0.015208996,0.00465114,0.051431071,0.0,0.01096692,0.001078209,0.001347877,0.000323546,,0.015437211,0.003951025,0.006200961,0.001598999,0.00694231,0.010777472,0.0,0.0,0.0,0.0,0.001825635,0.000128672,0.000674774,0.001995878,0.004468031,0.000200922,0.000277492,0.006197316,0.001445952,0.000850284,0.0,0.004023509,0.06518956,0.026853882,0.0,0.005685326,0.000730858,,0.021180471,0.008599489,0.0,0.059685747,0.108987231,0.05506668,0.049186869,0.260673339,,0.0,0.106154279,0.064350976,0.010811268,0.015903648,0.008369917,0.014887011,0.107294522,0.0,0.002118543,0.021515529,0.013361831,0.0,0.013807273,0.003498554,0.001929302,0.002357066,0.001077212,,0.000211312,0.00457612,,0.0,0.0,0.000765847,0.008671627,0.000159157,0.012058388,0.0005377,,0.0,0.004820185,,0.000442733,0.00027616,0.001003944,0.0,0.0,0.0,,0.0,0.000165055,0.003075129,0.00135243,0.0,0.0,0.0,0.0,0.012920004,0.0,0.0,0.0,0.0,0.0,0.0,0.0,0.0,0.0,0.001237265,0.000567705,,0.0,0.000486061,,0.0,0.0,,0.0,0.0,0.009432017,,,,,,,,,,0.0,0.0,0.006707396,0.0,0.0,,0.0,0.0,,0.0,0.000458912,,,,0.000435836,0.0,,,0.0,,7.22e-5,0.000486224,0.0,0.0,0.0,0.0,0.0,0.0,0.000156314,0.000418189,,0.0,0.0,0.0,0.0,0.0,0.0,0.0,0.0,0.0,0.0,0.0,0.0,0.0,0.0,0.0,0.0,,0.0,0.0,0.0,0.0,0.002225944,0.0,0.0,0.0,0.0,0.001032353,0.0,0.000209551,0.0,0.0,0.0,,0.0,,0.0,0.0,0.0,,0.0
403,4,0.00034248,3.82e-5,0.00092526,0.001277593,0.00020577,0.0,0.000905023,0.0018628,0.000825609,0.0,0.000438796,0.000549706,0.000379927,,0.0,0.007802856,0.019798619,,,0.002375737,0.002866138,0.0,0.0,0.006110428,0.000425842,0.0,0.0,0.000217503,0.0,0.0,0.0,0.000345721,0.0,0.0,0.0,0.0,0.0,0.0,0.0,,0.00150027,0.010971396,0.035495039,0.0,0.002534759,0.000168107,,0.000640213,0.0,7.08e-5,0.0,0.0,0.003020555,0.001524789,0.023654126,0.028168196,,0.0,0.000528401,0.0,,0.000765829,0.000428662,0.000438749,0.0,0.0,0.001113391,0.0,0.00090669,0.0,0.002002118,0.0,0.00018208,5.03e-5,0.00036405,0.0,0.000103844,7.91e-5,,,,0.0,0.0,0.0,0.000735967,0.000273649,,0.0,0.0,,0.0,0.0,0.0,,0.001279292,,,0.0,0.000264549,,,,0.0,0.0,,0.000164445,0.0,0.003871879,,0.0,0.001564898,0.000342592,0.0,0.001937179,0.00201134,0.0,0.0,,0.0,0.0,,,,,0.0,0.0,0.0,,,,,,,,,,0.0,0.0,0.0,0.002094216,,,,,,,0.0,,,,0.0,0.0,,,,,0.000308357,0.00026995,0.0,0.0,,0.00079959,0.0004623,0.000244254,0.00048476,,0.0,0.0,0.0,0.0,,,,,,,,0.000118748,0.0,0.0,0.0,0.0,,0.0,0.0,0.002301505,0.000369399,0.0,0.0,0.000513294,0.00169525,0.001477712,0.0,0.0,,,,0.000130662,,0.000905533,,,0.0,0.00032584,,0.0,0.0,0.000117087,7.52e-5,0.0,0.005244324,0.0,4.81e-5,0.000290551,0.0,0.0,0.005661325,0.000210903,0.029151559,0.010958249,,,0.024428023,,,0.000773163,0.001256667,0.01628637,0.0,0.00130038,0.004200145,0.0001058,0.001233848,0.000259489,0.0,0.0,0.0031314,0.000256852,7.19e-5,0.000761683,0.000251013,0.001129857,0.005046898,0.0,0.004029085,0.0,0.01423859,0.039211377,0.013262155,0.0,0.000764303,0.000792092,,0.004864219,0.009388306,0.0,0.012752337,0.016013651,0.034140743,0.056516613,0.144921345,,0.0,0.014456546,0.007078252,0.00112929,0.002990351,0.003933166,0.012503162,0.024710024,0.0,0.013305841,0.0,0.002242895,0.001926411,0.000466023,0.000554032,0.000862534,0.00051436,0.001587215,,0.0,0.0,,,0.0,0.000500855,0.0,0.00021263,0.007801951,0.003009355,,0.002229708,0.0,0.0,0.0,0.000289661,0.0,0.000223731,0.0,,,0.0,0.000371012,0.006191932,0.006578928,0.0,0.0,0.002217843,,0.000398997,0.0,0.0,0.0,0.0,0.0,0.0,0.0,0.0,0.0,0.0,0.0,,0.000619234,0.0,,,0.0,,0.0,0.0,0.0,,,,,,,,,,0.000222036,0.0,0.001223234,0.002096745,0.0,,0.0,0.0,,0.0,0.000191392,0.0,,,0.0,0.0,,,,0.0,0.0,0.0,0.0,0.0,,0.0,0.001765898,0.0,0.000145258,0.000209331,,0.0,0.0,0.0,0.0,,,,,,,,0.000297408,0.004540254,0.0,,0.0,,0.0,,0.0,0.0,0.0,0.000330665,0.0,0.0,0.0,0.0,0.006711048,0.0,,,0.002260285,,0.004493871,,,0.0,0.00038152,,0.0
404,4,0.0,0.000203807,0.000236423,,0.00126127,0.0,7.75e-5,0.0,0.000475538,0.0,0.000848818,0.0,0.006340367,0.0,0.011201105,0.00934065,0.01876355,0.00432338,,0.00460974,0.001999857,0.006766124,0.000287501,0.001628457,0.001174264,0.000417614,0.0,0.0,,0.0,0.0,0.0,0.001595533,0.001045623,0.0,0.000600371,4.59e-5,0.000913401,0.000310069,0.0,0.010717528,0.000171196,0.005294983,0.0,8.39e-5,0.0,,0.00064864,0.0,0.0,0.000226982,0.0,0.002958597,0.006690547,0.045343099,0.065584017,0.0,0.0,0.000921811,0.001817542,0.000158358,0.000621917,0.00023707,0.000812342,0.000491027,0.0,0.006851457,0.002578999,7.26e-5,0.0,8.77e-5,0.000649568,0.000107969,0.000262443,0.003153944,,0.0,0.000701942,,,,0.000450845,0.0,0.000168731,0.001104272,0.000167081,,0.0,0.000653485,,0.000482405,0.00036031,0.0,0.00070958,0.0,0.0,,0.0,0.001099559,0.000726108,0.0,0.0,0.0,0.000555664,0.0,0.002473706,0.0,0.000527401,0.0,0.0,0.0,0.0,0.003458698,0.0,0.001005582,0.0,0.0,,0.0,0.00727659,0.0,0.0,0.0,0.0,0.0,0.0,0.001645046,0.0,,,,0.0,,,,,0.000539041,0.0,0.0,0.0,0.0,,0.0,0.0,0.0,0.001556415,9.83e-5,,,0.0,0.000753569,0.0,0.0,0.0,0.0,0.0,0.00023479,0.000253935,,,0.0,0.000150196,0.0,0.000624705,0.000215892,,0.0,0.0,0.0,0.000217193,,0.0,0.0,0.0,0.0,0.0,0.0,0.000287062,0.0,0.0,,0.0,0.005539648,0.0,,0.0,0.002773157,0.003324888,0.0,0.0,0.0,0.0,0.0,0.000278501,,,0.0,0.0,,0.0,,,0.000367972,0.000303769,,0.0,0.0,0.001987087,0.000664931,0.0,0.003680577,0.0,4.15e-5,0.0,0.004913659,0.0,0.000658578,0.0,0.016900036,,0.006994871,0.000632306,0.018334673,0.0,,0.023265834,0.0059664,0.007770173,0.012043602,0.000878591,0.009949804,0.0,0.000473987,0.0,,0.0,0.001273889,0.0,0.0,0.001063694,0.000819105,0.010846752,0.011727849,0.002464266,0.0,,0.004751945,0.043206154,0.013388156,0.0,0.000843643,0.0,,0.008681652,0.000821692,0.002518512,0.008882707,0.023183627,0.021420231,0.200734067,0.936180149,0.0,0.0,0.022349845,0.01182405,0.005297394,0.005524417,0.011240745,0.010886369,0.078742633,0.001582861,0.000497775,0.0,0.007395267,0.0,0.002238654,0.0,0.00158046,0.000789788,0.001324788,,0.000205961,7.32e-5,,,,0.001544336,0.0,0.0,0.000292928,0.00014833,,0.00506081,0.00057623,,0.000390063,0.0,0.00062645,0.0,0.0,0.0,,0.000763846,0.006366444,0.00350195,0.0,,0.0,0.011665828,0.0,0.001796664,0.0,0.001778362,0.0,0.0,0.0,0.001755113,0.002242624,0.0,0.0,0.0,0.0,,0.000637106,0.0,0.0,0.0,0.0,,0.001250904,0.000831605,0.000501514,0.0,,,,0.0,,,,,0.000463388,0.0,0.0,0.012552485,0.0,,0.0,0.0,,0.008502544,0.000237575,,,0.0,0.0,0.0,,,0.0,0.0,0.000909651,0.0,0.001592327,0.0,0.0,0.001328404,0.018716835,0.0,0.000808267,0.000613036,,0.0,0.0,0.0,0.0,,0.0,0.0,,0.0,0.0,,0.000483192,0.0,0.0,,,,,0.0,0.0,0.0,0.0,,0.0,0.000518331,0.0,0.000653634,,0.0,,,0.0,,0.0,,,,0.000407524,,0.0
415,4,0.0,0.002132862,0.000946018,0.0,0.008084788,0.004668483,0.00045102,0.0,0.001977903,0.002032748,0.01585881,0.00035037,0.051674103,,0.101529272,0.054093311,0.098383278,0.029283731,,0.023969824,0.004943836,0.0,0.001808889,0.012939613,0.10198592,0.006279539,0.001021035,0.008623441,0.0,0.000374965,0.007998981,0.001236953,0.000129707,0.005130295,0.0,0.009014415,0.001031372,0.000344958,0.0,,0.041290175,0.030757237,0.033192849,,0.002121615,0.00133239,,0.00523172,0.0,0.000522606,0.0,0.001272273,0.028319114,0.032809065,0.145519678,0.391319333,,0.003576628,0.024454794,0.0,0.010087151,0.001111019,0.000724414,0.006615257,0.003151798,0.012725988,0.0,0.0,0.009736762,0.202329843,0.011296006,0.001110318,0.000159308,0.002851071,0.000228249,,0.000115943,0.005493072,0.0,,0.0,0.0,0.0,0.0,0.000133567,0.004427418,,0.002231938,0.0,0.0,0.000121324,0.0,0.0,0.0,0.0,0.0,,,0.0,0.0,0.0,,0.0,0.0,,0.000257624,0.0,0.001099192,0.0,0.0,0.001436171,0.001569094,0.0,0.0,0.000953893,0.0,0.0,,0.0,0.0,,0.0,0.0,,0.0,0.0,0.0,,0.0,0.0,0.0,,0.0,0.0,0.0,,0.0,0.0,0.0,0.016805323,0.0,,0.0,0.0,0.0,0.0,0.000288444,0.0,,,0.0,0.0,,0.0,0.0,,0.000993471,0.0,0.0,0.0,0.0,0.001242836,0.001090846,0.000857657,0.000478174,,0.001102584,0.0,,0.000544431,,0.0,,,0.0,,,0.000692137,0.0,0.0,0.0,0.00630961,,0.0,0.0,,0.000394914,0.0,0.0,0.0,0.0,0.002706442,0.0,0.000199542,,,0.0,0.0,,0.000303932,,,0.0,0.000216077,,0.0,0.022788777,0.002580081,0.002327672,0.0,0.035567593,0.018898875,0.002799076,0.000593395,0.007230155,0.017662731,0.03779914,0.002427172,0.141289975,0.0,,0.022823446,0.011530278,,,0.035484449,0.030435495,0.091188843,0.059748829,0.043391796,0.023936415,0.007226639,0.015238609,0.014462843,0.0,0.006541473,0.007915872,0.032355268,0.003650125,0.027511451,0.001176722,0.079581351,0.023952026,0.003782154,0.013941298,,0.019089716,0.048033416,0.057899257,,0.006353032,0.002509131,0.0,0.015811738,0.000653388,0.018183988,0.027233148,0.221782104,0.16332156,0.572270469,2.699502882,0.0,0.0,0.101113486,0.033290558,0.006255577,0.001578313,,0.068836486,0.12190698,0.0,0.010798664,0.0,0.017355959,0.024791898,0.011864211,0.001455927,0.00414464,0.003052641,0.001230678,,0.0,0.003860757,0.0,,0.0,0.002606937,0.036841471,0.0,0.000372631,0.000274183,0.0,0.000279377,0.0,0.0,0.0,0.0,0.001339924,0.00050481,0.0,,,0.001124542,0.001436221,,0.005574676,0.0,0.036836488,0.0,,0.003561905,0.0,0.0,0.0,0.0,0.0,0.0,0.0,0.073870558,0.000681497,0.0,0.000482779,,0.0,0.000566756,,,,,0.0,0.0,0.0,0.0,0.0,0.003034371,0.0,,0.0,0.0,0.0,,0.000316981,0.0,0.001339561,0.106696676,0.0,,0.0,0.0,0.000884119,,0.0,0.0,,,0.001359911,0.0,,0.0,,,0.001942509,0.0,0.0,0.0,0.0,0.001081509,0.000997205,,0.000212887,0.000408452,,0.00103129,0.0,,0.000819786,,,,,,,0.0,0.0,,0.0,0.0,0.0,,0.0,0.0,0.0,0.0,0.0,0.000123538,0.0,,0.0,,0.0,0.000595496,0.0,0.0,,0.0,0.000979677,0.0,0.0,0.000240112,0.001641571,0.0,0.0
419,9,,0.001322345,0.002681823,0.0,0.031573937,0.007028251,0.0,0.029892949,0.016966668,0.024282696,0.036813924,0.000869991,0.006992575,,0.083141776,0.033294977,0.092827705,,,0.03071691,0.005969806,0.0,0.0,0.020548126,0.045485851,0.000294437,0.00172185,,,,,,0.001955903,0.066570261,0.003596962,0.008285382,0.002484186,0.0,0.115759426,,0.069549803,0.047382946,0.05582483,,,,,0.003197405,0.0,0.00207551,0.000476609,0.056865756,0.085753383,0.058407811,0.66390566,2.258313919,0.0,0.006001978,0.057328555,0.017482294,0.039393969,0.005660574,0.012644299,0.005684107,0.023067256,0.005272533,0.0,0.000557101,0.009904846,,0.069947452,0.001346595,0.006338371,0.006554767,0.00421202,0.007221689,0.004291342,9.54e-5,,0.0,,0.0,0.0,0.0,0.0,0.000203272,,0.004815145,0.0,,0.0,0.0,0.0,,0.0,,,0.0,0.000250248,,,,0.0,0.0,,0.009810267,0.0,0.002039285,0.0,0.0,0.0,0.0,0.0,0.0,0.002328888,0.0,0.0,,0.0,0.000336395,,,,,0.0,0.0,0.0,,,,,,,,,,0.002047773,,0.0,0.0,,,,,,,0.0,,,,0.0,0.0,,,,,0.0,0.0,0.0,0.0,,0.0,0.000399137,0.000225055,0.000118015,,,,0.0,,,,,,,,,0.000112554,0.0,,0.0,0.0,,0.0,,0.0,0.0,0.000191467,0.0,0.0,0.0,0.0,0.0,0.000174399,,,,0.000964904,,0.000372235,,,0.0,7.79e-5,,0.0,,0.000819772,0.001877849,0.0,0.215606057,0.0,0.000146586,0.000281326,0.085241035,0.0,0.133608309,0.0,0.275753832,1.137708616,0.012015103,0.089788791,0.255796014,,0.0,0.058932792,0.037118254,0.064450462,0.037649127,0.134706329,0.152366922,0.013056927,0.001411372,,,,,,0.00424117,0.067152609,0.008709778,0.023244846,0.027921155,0.008583086,0.103918766,0.299963023,0.126693867,0.162594858,0.209587541,,,,,0.038360708,0.007929567,0.001674817,0.072422975,0.776501046,0.273162666,0.930059595,4.203912766,0.0741999,0.0,0.186583569,0.090352512,0.046355906,0.014255931,0.050773545,0.133526994,0.478511661,0.123468713,0.0016966,0.0,0.051552507,0.002714359,0.067740084,0.01723853,0.008306785,0.006128472,0.01337787,,0.000328632,0.018565547,,0.002201396,,0.063031756,0.06942861,0.0,0.003586912,0.010838409,,0.0,0.0,,0.001683774,0.0,0.0,0.0,0.0,0.0,,0.006392654,0.005153389,0.0,0.001179784,0.0,0.0,0.0,,0.047095286,0.0,0.0,0.0,0.0,0.0,0.0,0.0,0.0,0.0,0.0,0.001058016,,0.0,0.0,,,0.0,,0.0,0.0,0.0,,,,,,,,,,0.0,0.0,0.005396854,0.138532242,0.0,,0.0,0.059615168,,0.017364496,0.0,,,,0.0,0.0,,,0.0,0.0,0.0,0.0,0.0,0.0,0.0,0.000423331,0.01178492,,0.000261974,8.69e-5,,0.0,0.0,0.0,0.000554887,0.0,0.0,0.000670773,,0.001303965,0.0,,0.0,0.0,,,,,,0.0336575,,,0.0,0.0,0.0,0.0,,0.0,,0.0,,,0.0,,0.000364737,,,0.0,0.000349244,,0.0
405,9,0.0,3.05e-5,0.000332749,,0.005562566,0.0,4.3e-5,0.000128767,0.0,0.0,0.021898776,0.000208222,0.023104422,0.144212344,,0.000511149,0.010159051,,0.0,0.000636976,0.002995707,0.002882207,0.0,0.00319005,0.00756793,0.00011279,0.0,0.0,0.0,0.0,0.0,0.000203367,0.000300302,0.004237748,0.000175854,0.000586915,7.88e-5,0.0,0.000381086,0.0,0.005831583,0.016715776,0.011525094,,0.000266182,0.000271843,0.0,0.000139685,0.0,0.0,0.0,0.000160072,0.012969181,0.0210903,0.035983698,0.171457915,0.005320318,0.0,0.008280477,0.001110853,0.0,0.000122206,0.0,0.000278828,0.000645791,0.0,0.0,0.0,0.001095741,0.00173507,0.001145508,0.0,0.0,0.000621083,0.000419912,,0.0,0.001681795,,,0.0,0.0,0.0,0.000216488,0.000178372,0.0,,0.0,0.0,,0.000360096,0.002425416,0.0,0.000313408,0.0,0.0,,0.0,0.003579985,0.015529413,0.020889972,0.0,0.0,0.0,0.0,0.001395744,0.0,0.0,0.0,0.0,0.0,0.0,0.0,0.0,0.0,0.001000048,0.0,,0.000601613,0.0,,,0.007151043,,0.0,0.0,0.0,0.0,,,,,,,,,0.0,0.0,0.0,0.035303039,0.004304662,,0.0,0.000884197,0.0,,0.0,,,,0.0,0.0,,0.0,,0.0,5.14e-5,0.000201172,0.0,0.0,,0.000367066,0.000246548,0.000460597,0.000138182,,0.0,0.0,0.0,0.0,,,,,,,,0.0,0.0,0.0,,0.0,,,0.0,0.0,0.000581872,0.000401113,0.0,0.000362854,0.0,0.0,0.0,0.0,,,,0.000161583,,0.0,,,0.001701827,0.000165584,,0.0,0.0,2.42e-5,0.000210766,0.0,0.008515888,0.0,0.000184954,0.0,0.007655973,0.0,0.027690371,0.000830619,0.028155181,0.020988387,0.0,0.001327673,0.042213829,,0.00088342,0.023090736,0.002669811,0.005006664,0.011154711,0.001631001,0.019687222,0.000100041,0.000419909,0.000224383,0.018017721,0.001884335,0.000202659,0.000606469,0.000355832,0.011427669,0.0,0.000460409,0.000167966,0.000248254,0.074577565,0.003392281,0.012847411,0.191800285,0.02378432,,0.002766651,0.000382233,0.0,0.027827629,0.008257173,0.01139811,0.031062786,0.14918092,0.301078708,0.146481359,0.917606333,0.052154511,0.0,0.249243793,0.067335726,0.078726839,0.02444681,0.059568457,0.043932229,0.05355673,0.000579706,0.008721166,0.0,0.029540739,0.003077353,0.015587705,0.015434745,0.005119617,0.004119403,0.002151894,,0.0,0.001420853,,,0.0,0.002640587,0.000951682,0.0,0.000393929,0.000190902,,0.001210749,0.0,,0.0,0.000341098,0.0,0.0,0.0,0.0,,0.0,0.000156815,0.0,0.016501613,0.0,0.0,0.0,0.0,0.021262906,0.0,0.0,0.0,0.0,0.0,0.0,0.0,0.0,0.002813283,0.0,0.0,,0.001408771,0.001888428,,,0.0,,0.0,0.0,0.0,0.0,,,,,,,,,0.0,0.004064828,0.0,0.035516787,0.0,,0.0,0.0,0.0,0.0,0.001042889,,,,0.008547058,0.0,,0.0,0.0,0.0,0.000319656,0.0,0.00100168,0.0,0.0,0.000418458,0.0,0.0,0.000297502,0.00022003,,0.0,0.0,0.0,0.001030401,,,,,,,,0.0,0.0,0.0,,0.0,,0.0,0.0,0.0,,0.000513284,0.000552165,0.0,0.000766978,,0.0,0.0,0.0,,,0.000183099,,0.001459953,,,0.0,0.000165575,,0.0
406,9,0.0,6.89e-5,0.000553424,,0.000184177,0.003640815,0.0,0.000203069,0.001368199,0.000431577,0.00153163,0.000239323,0.000719091,,0.013201044,0.002998399,0.000778546,0.0,,0.000742985,0.000618009,0.003696685,0.000429133,0.001776156,0.007540413,0.008842947,0.000184322,0.0,0.033572627,0.000100183,0.000350968,0.0,0.005692812,0.0,0.0,0.000366224,0.002133442,0.000175155,0.0,,0.006861529,0.015113312,0.003662527,,0.001842482,0.005982233,,0.002951509,,0.000287828,0.0,0.003018704,0.007952069,0.029572837,0.052928308,0.192804267,,0.0,0.015156243,0.000961075,0.000412305,0.000886711,0.000388835,0.001133349,0.006438087,0.000178285,0.0,0.0,0.000253561,0.0,0.004888798,0.000426425,0.000307038,0.00019113,0.000112684,,0.0,0.001246357,,,0.0,0.004132044,0.000839799,0.0,0.000147834,0.000538361,,0.002109692,0.001100423,,0.00068551,0.0,0.000557554,0.0,0.0,0.0,,0.0,0.001533694,,0.0,0.0,0.0,0.0,,0.000369174,0.0,0.000418426,0.000473916,0.0,0.0,0.0,0.0,0.0,0.0,0.0,0.0,,0.0,0.0,,,,,0.0,0.0,,0.0,,,,,,,,,0.002012307,0.00135829,0.011926439,0.037229392,,,,0.0,0.0,,0.000216427,,,,0.0,,,0.0,,,0.0,0.0,0.0,0.0,0.0,0.000153998,0.000953264,0.000365234,0.000105885,,0.0,0.0,0.0,0.0,,,,,,,,0.000201513,0.0,0.0,0.0,0.0,,0.0,0.0,,0.0,0.005883617,0.0,0.0,0.0,0.0,0.038057694,0.0,,,,0.0005812,,0.000532751,,,0.0,0.000277314,,0.0,0.0,2.92e-5,0.000933745,0.0,0.002633227,0.0,0.000161534,0.000537668,0.006328354,0.0,0.004906866,0.0,0.004074511,,0.009982886,0.056135133,0.01686892,,,0.007836881,0.01503579,0.022074293,0.016318794,0.01293382,0.025017147,0.002116701,0.000175764,0.003516523,0.008099546,9.45e-5,0.032728369,0.000609401,0.000933121,0.007551369,0.000207544,0.013121737,0.009338248,0.007203419,0.0,,0.01997657,0.058500712,0.03899066,,0.00020593,0.002860052,,0.008891424,0.000354405,0.000885509,0.006567441,0.039026348,0.046210167,0.236282961,1.571056918,,0.0,0.103243811,0.011886325,0.00966639,0.003010484,0.003650213,0.022512939,0.038806594,0.002078704,0.0,0.011542349,0.000856755,0.0,0.013700186,0.001046127,0.010845299,0.001298572,0.004500535,,5.17e-5,0.001763887,,,0.0,0.0,0.0,0.000382886,0.000495019,0.002894199,,0.005993893,0.000315581,,0.0,0.000315073,0.000848349,0.000643009,0.001112582,0.0,,0.0,0.021447343,,0.015529564,0.0,0.0,0.054063452,,0.000772528,0.0,0.000382727,0.0,0.0,0.0,0.0,0.0,0.0,0.0,0.000707985,0.0,,0.0,0.000530779,,,,,0.0,0.0,,0.0,,,,,,,,,0.0,0.0,0.002785159,0.005374456,,,,,0.0,,0.0,,,,0.0,,,0.0,,,0.00021075,0.000127351,,,0.0,0.000702095,0.0,0.0,0.000382014,0.000566216,,0.0,0.0,,0.0,,,,,,,0.000668036,0.00031221,0.0,0.0,0.0,0.0,,0.0,0.0,0.0,0.0,0.0,0.000435741,0.0,0.0,0.0,,0.027948745,0.000334627,,,0.000220469,,0.000625455,,,0.0,0.000375434,,0.0
407,9,0.0,2.2e-5,0.000223287,,0.001421739,,0.000177535,0.000191077,0.0,0.0,0.001283882,0.0,0.009257528,0.001169818,0.001818361,0.000297457,0.000665882,0.003766288,0.0,0.0,0.001418669,0.000189284,0.0,0.0,0.0,0.0,0.000491912,0.0,0.0,8.17e-5,0.000142727,0.0,0.0,0.000178527,0.0,0.000332655,7.07e-5,0.000592152,0.001084403,0.000453204,0.000189043,0.001103503,0.000141925,0.000158612,0.001962294,0.0,0.0,0.007436337,0.001841229,0.000153539,0.0,0.0,0.015167748,0.025077234,0.052573354,0.263762881,0.0,0.0,0.002088209,0.000912337,0.00014524,0.0,0.000145317,0.000573922,0.004582538,0.0,0.0,0.0,0.016255938,0.002241861,0.000708014,0.0,0.000164279,0.000613135,0.001237029,,0.0,0.000258583,,0.0,0.0,0.001873189,0.001010062,0.000494624,0.0,0.002934686,,0.0,0.0,,0.0,0.0,0.0,0.000201411,0.0,0.000803059,,,0.0,0.006400819,0.0,0.0,0.0,0.0,0.0,0.000394366,0.0,0.000369054,0.0,0.0,0.0,0.0,0.0,0.0,0.0,0.0,0.0,,,0.001569983,0.0,0.0,0.001866835,0.0,0.0,0.0,0.0,,,,,,,,,,0.0,0.0,0.003135959,0.128591046,0.0,,0.001162206,0.0,,0.001922006,0.000262802,,,0.0,0.0,0.0,,,0.0,0.0,0.000138466,0.0,0.0,0.0,0.0,0.000119525,0.0,7.29e-5,4.03e-5,,,,0.007217615,0.000151913,0.0,0.0,0.0,0.0,0.000478535,0.0,0.0,0.0,0.0,,0.0,0.026242196,,0.0,,,0.0,0.012487589,0.0,0.000459703,,0.0,0.0,0.0,,,,0.0,,0.0,,,0.0,0.000246227,,0.0,0.0,0.000122341,0.001437089,0.0,0.002380456,0.0,0.000135458,0.007392613,0.008654456,0.017831275,0.00680277,0.000243186,0.005788703,,0.000129998,0.007668877,0.002421727,0.004686953,0.0,0.00100201,0.001283786,0.014311468,0.0,0.003076857,0.002436915,0.000426044,0.000164556,0.0,0.0,0.000457214,0.000960785,0.0,0.000512186,0.019552172,0.000669768,0.0031966,0.000424072,0.003939918,0.002476082,,0.011143424,0.23168721,0.095601538,0.006578188,0.001210679,0.000459433,0.0,0.040966093,0.002116336,0.001605854,0.154823151,0.067682389,0.118873946,0.205228751,1.09186337,0.010690006,0.0,0.210884848,0.036927588,0.029518714,0.008788208,0.023110796,0.028067125,0.0654524,0.002778723,0.010502245,0.0,0.029158783,0.424961188,0.103185673,0.013829014,0.004414411,0.001160815,0.002651856,0.012390894,0.001011342,0.001962707,,0.0,,0.001008683,0.024039915,0.001614458,0.000668712,0.006466748,,0.0,0.0,,0.0,0.0,0.0,0.0,0.0,0.0,,0.0,0.000272629,0.0,0.0,0.0,0.0,0.0,0.0,0.000532505,0.0,0.0,0.0,0.001398902,0.0,0.0,0.001277729,0.0,0.0,0.0,0.0,,0.0,0.000169587,0.0,0.0,0.000833908,,0.0,0.0,0.0,,,,,,,,,,0.000622743,0.071349655,0.000513524,0.023518376,0.0,,0.0,0.001215232,,0.004356592,0.0,,,0.0,0.0,0.0,,,0.000503592,0.0,0.000523261,0.000120226,0.0,0.0,0.0,0.000601376,0.0,0.0,0.000298524,0.000441068,,,,0.0,0.000556528,0.002606668,0.007522734,0.0,0.0,0.000342784,0.0,0.0,0.000941957,0.0,,0.0,0.0,,0.0,,,0.0,0.0,0.000345881,0.0,0.0,0.0,0.0,0.0,0.00097178,,,0.0,,0.003978452,,,0.00054344,0.001414221,,0.0
408,9,0.0,0.000200332,0.0,0.0,0.000344114,0.000437329,5.2e-5,0.0,0.000163341,0.002109126,0.0010594,0.0,0.000169254,0.015752524,0.000559519,0.0,0.021926375,0.000596594,0.0,0.003408476,0.000647045,0.007263825,0.0,0.003320576,0.008021277,0.0,0.0,0.0,0.000257944,0.000344113,0.0,0.001337525,0.003369808,0.00062399,0.0,0.0,0.000327025,0.000201267,,0.001730888,0.00975664,0.000423498,0.001624555,,0.002084463,0.0,0.00715209,0.000384377,,0.0,0.0,0.000128878,0.010473903,0.004225982,0.047664906,0.182575975,,0.0,0.002612016,0.000976438,0.0,0.000137177,0.0,0.000147408,0.000669719,0.0,0.0,0.0,0.000231158,0.0,0.000244513,0.0,0.0,0.000871588,0.002074537,,0.000232041,0.000275417,,0.0,,0.00061471,0.0,0.000860151,0.0,0.002042581,,0.0,0.0,,0.000177102,0.0,0.0,0.000214654,0.000317529,0.0,,0.0,0.0,0.0,0.00026064,0.000555957,0.0,0.0,0.0,0.003266473,0.0,0.002341352,0.0,0.0,0.0,0.0,0.0,0.041942549,0.0,0.0,0.003489052,,0.0,0.0,0.0,0.0,0.014496737,0.0,0.0,0.0,,0.0,,,,0.0,,,,,0.0,0.0,0.002512227,0.0,0.0,,0.000802587,0.0,0.0,0.000578283,0.001047208,,,0.001803152,0.0,,,0.0,0.0,0.0,0.0,0.0,0.0,0.0,0.0,0.000312435,0.0,0.000174175,0.0,0.0,0.006170933,0.0,0.0,0.000582141,0.0,0.0,0.0,0.0,0.0,0.0,0.0,0.000227405,0.0,0.0,0.0,0.0,0.0,0.0,0.0,0.0,0.0,0.001910418,0.024017128,0.0,0.00584237,0.0,0.00901684,0.0,0.0,,0.0,6.14e-5,,0.000405356,,0.0,0.0,0.000120421,,0.0,0.0,5.05e-5,2.56e-5,,0.000656324,0.0,4.76e-5,0.000633698,0.0,0.0,0.00071688,0.0,0.001418823,0.001643004,0.000733342,0.001598947,0.002136013,0.001723543,0.0,0.0,0.000993797,0.002388603,0.001198168,0.000716938,0.000277672,0.0,0.00015447,0.0,0.00050652,0.000209131,0.0,0.000686751,0.000221045,0.010662827,0.0,0.000164377,7.14e-5,0.000240147,,0.001387518,0.005743383,0.155780738,0.031824676,,0.000320587,0.000804515,0.0,0.009022204,0.000188051,0.001178442,0.003873175,0.061864229,0.047026328,0.112859225,0.719394515,,0.0,0.05368812,0.008366732,0.004984625,0.005307183,0.0,0.011260778,0.008400039,0.0,0.0,0.0,0.00953622,0.0,0.000518021,0.001983615,0.010857431,0.0002177,0.003728132,,5.64e-5,0.000676607,,0.0,,0.002081326,0.0,0.0,0.000189864,0.001813331,,0.001935221,0.0,,0.0,0.0,0.0,0.0,0.0,0.0,,0.0,0.000453826,0.0,0.0,0.0,0.0,0.0,0.0,0.003870498,0.0,0.0,0.0,0.0,0.0,0.0,0.0,0.0,0.0,0.0,0.001753332,,0.001121271,0.001314944,0.0,0.0,0.0,,0.0,0.0,,0.0,,,,0.0,,,,,,0.009806177,0.007393945,0.030747047,0.0,,0.0,0.0,0.0,0.000455941,0.000168531,,,0.0,0.0,,,0.0,0.0,0.0,8.24e-5,0.0,0.0,0.0,0.0,0.000284297,0.0,0.0,0.000271909,5.45e-5,0.0,0.0,0.0,,0.0,0.0,0.000621763,0.0,0.0,0.0,0.005191275,0.0,0.00322863,,0.0,0.0,0.003046337,,0.001229877,,0.0,0.0,0.0,0.000189196,0.0,0.00055121,0.0,,0.008732722,0.0,0.0,0.0,0.000311231,,0.000259688,,0.0,4.78e-5,0.000445889,,0.0
410,6,0.0,0.000568676,7.38e-5,0.0,0.000218803,0.0,0.000995933,0.001169791,0.002041867,0.001688594,0.0,0.0,0.000823611,,0.000443579,0.0,0.0,0.0,,0.003711125,0.000521888,0.0,0.0,0.000244526,0.0,0.0,0.001542707,0.0,0.0,0.000477578,0.000329242,0.000140964,0.000206112,0.000152244,0.000171419,0.003734394,0.000905388,5.12e-5,,0.0,0.001937023,0.001201199,0.002508971,,9.61e-5,0.0,,0.003354523,,0.001426141,0.000334501,0.0014174,0.007447458,0.016271539,0.120560333,0.175138984,,0.0,0.000925931,0.000101011,0.00011907,9.69e-5,0.000276112,0.001465358,0.0,0.001546981,0.0,0.0,0.000124695,0.0,0.000284214,0.002133981,0.007490144,0.00020442,0.000173222,,0.00010098,0.000385418,,,,0.0,0.0,0.000138932,0.0,0.000173097,,0.0,0.0,,0.0,0.0,0.0,0.000204711,0.0,,,0.0,8.29e-5,,0.0,0.000512329,0.0,0.0,0.0,0.00095263,0.0,0.001465931,0.0,0.0,0.0,0.0,0.0,0.0,0.0,0.0,0.0,,0.0,0.0,,,,,0.0,0.0,,0.0,,,,0.0,,,,,0.0,,0.0,0.0,,,,,0.0,,0.0,,,,0.0,,,0.0,,0.0,0.0,0.000340504,0.016795931,0.001991193,,0.000725192,0.000532797,0.000143794,0.000121873,,0.0,0.0,0.0,0.001654713,,0.0,,,0.0,,,0.000113289,0.0,0.0,0.0,0.0,,0.0,0.0,0.0,0.0,0.0,0.0,0.0,0.0,0.0,0.001453725,0.000152654,,,,0.000470216,,0.000675873,,,0.002103166,0.000159973,,0.0,0.0,0.000665567,0.00025506,0.0,0.00039076,0.002014378,0.00067181,0.000276178,0.023281179,0.007519262,0.004199909,0.0,0.014661756,,0.000377783,0.000230373,0.00090212,0.000628068,,0.001113367,0.002466032,0.0,0.0,0.001285341,0.023145849,0.0,0.000326957,0.0,0.0,0.005267648,0.000269924,0.002646104,0.000401456,0.002951011,0.0,0.003145074,0.000107894,0.000669878,,0.0,0.002607024,0.124471784,0.011696374,,0.000654811,0.0,,0.003576155,0.002689907,0.0,0.014450435,0.059473669,0.022754278,0.163870242,1.242893488,,0.0,0.085297459,0.002771863,0.00321651,0.011567122,0.004260416,0.006840947,0.041629624,0.001274019,0.0,0.0,0.000878759,0.0,0.00171897,0.000480469,0.00094473,0.000664398,0.001922016,,0.00029727,0.000509066,,,,0.001521383,0.0,0.000519498,0.001287171,0.000157672,,0.0,0.000270028,0.0,0.0,0.0,0.003631351,0.000162807,0.0,0.001675303,,0.0,0.00101595,0.0,0.004137943,0.000381667,0.000979302,0.0,0.0,0.002014185,0.0,0.000621528,0.000350067,0.001350103,0.0,0.0,0.0,0.0,0.0,0.0,0.0,,0.0,0.0,,0.0,0.004460222,,0.0,0.0,,0.0,,,,0.0,,,,,0.0,0.0,0.018444297,0.022599381,,,,,0.000261149,0.0,0.001320168,0.0,,,0.0,,,0.0,0.0,0.0,5.95e-5,0.0,0.00082194,0.0,0.0,0.000201434,0.014177971,0.0,0.001231371,0.000178949,,0.0,0.0,0.0,0.000744155,0.0,0.0,0.0,0.0,0.0,0.0,,0.000299104,0.0,0.0,,,,,0.0,0.0,0.026634519,0.0,0.001327762,0.006435804,0.001954284,0.0,0.0,,0.0,,,0.0,,0.0,,,0.001333264,0.00048298,,0.0
411,6,0.0,0.0,0.000188966,0.0,0.000686482,0.0,4.98e-5,0.0,0.000117388,0.0,7.72e-5,0.0,0.000472055,0.0,0.0,0.0,0.000140951,,0.0,0.000217143,0.000299564,0.000130276,0.0,0.0,0.000178725,0.001318282,0.0,0.000195644,0.0,8.86e-5,0.0,0.0,7.22e-5,0.000677345,0.000159767,0.000375315,0.000142427,0.000225205,0.0,,0.0,0.0,0.001418315,,0.0001416,0.0,0.0,0.000182934,,0.0,0.000139061,0.0,0.013702479,0.026335953,0.030951486,0.059018649,0.0,0.0,0.000866068,0.000544637,0.0,0.0,0.0006075,0.000645808,0.006433042,0.000235351,0.000283328,0.0,0.000818382,0.001418059,0.000116854,0.001654395,0.001067545,0.000227041,0.000131356,,0.0,0.000203437,,,0.0,0.000152071,0.0,0.000146239,0.000129862,0.003815757,,0.000424619,0.0,0.0,0.0,0.0,0.000486949,0.000474261,0.0,0.0,,0.0,0.0,0.0,0.000390583,0.000217295,0.0,0.0,0.01650423,0.000478622,0.0,0.000527846,0.0,0.0,0.0,0.0,0.0,0.0,0.0,0.0,0.0,,0.0,0.0,,,0.0,,0.0,0.000499227,,0.0,,,,,,,,,0.0,0.0,0.028331089,0.027081677,0.0,,0.0,0.0,0.0,,0.0,,,,0.0,,,0.0,,,0.0,4.44e-5,0.0,0.0,,0.000179174,0.0,0.000363788,0.00017713,,0.0,0.0,0.0,0.0,,,,,,,0.0,0.0,0.0,0.0,0.0,0.0,,0.001878933,0.0,,0.0,0.000680252,0.0,0.0,0.0,0.0,0.0,0.0,,,,9.89e-5,,0.000571907,,,0.000508162,0.000521258,,0.0,0.0,0.000173445,0.000150486,0.0,8.07e-5,0.0,3.75e-5,0.0,0.000108014,0.0,7.0e-5,0.0,0.001751152,,0.0,0.000274082,0.006747201,,,0.000244012,0.000802308,0.0,0.0,0.000304194,0.00257491,0.000488381,0.000779013,0.000588804,0.0,0.0,0.000240413,0.000321565,0.000182413,0.000536337,0.0,0.0,0.000110416,0.000885806,0.000166201,,0.000297841,0.018181726,0.00149108,,0.000102641,0.0,0.0,0.0015704,0.000165959,0.00107474,0.001798912,0.020476422,0.016646359,0.079866074,0.64857485,0.0,0.0,0.036175581,0.006329691,0.005390212,0.003945668,0.0029118,0.009228682,0.0103951,0.000822589,0.000251649,0.000871064,0.001478806,0.0,0.000274676,0.000172501,0.000131791,0.000435286,0.000260897,,0.0,0.000291283,0.0,,0.0,0.0,0.000525668,0.001153816,0.0,0.0,,0.006287919,0.000328292,,0.000546099,0.000201422,0.002220301,0.0,0.0,0.0,,0.0,0.004955516,0.059225255,0.0,0.000216527,0.0,0.0,0.0,0.000967921,0.0,0.000337227,0.000280317,0.001044824,0.0,0.0,0.0,0.0,0.0,0.0,0.000376871,,0.0,0.000439297,,,0.0,,0.0,0.000490484,,0.0,,,,,,,,,0.0,0.0,0.003205751,0.015703766,0.0,,0.0,0.0,0.0,,0.00149599,,,,0.0,,,0.0,,0.0,5.17e-5,0.0,0.0,0.0,,0.00107887,0.000130532,0.0,0.000597073,0.000479983,,0.0,0.0,0.0,0.0,,,,,,,,0.000196556,0.0,0.0,,0.0,,,0.0,0.0,0.0,0.0,0.0,0.0,0.0,0.0,0.0,0.0,0.0,,,0.0,,0.0,,,0.0,0.0,,0.0
412,6,0.0,0.000170015,0.005730819,0.0,0.014849626,0.046963058,8.53e-5,0.002174032,0.00118017,0.033634237,0.029492004,0.0,0.100623486,0.072030566,0.176489414,0.097788641,0.130360277,0.045757491,,0.011283088,0.006420683,0.019846176,0.005395756,0.001184595,0.038307408,0.003854191,0.00079481,0.000324404,0.01321594,0.00520231,0.028538643,0.021245181,0.000240602,0.032255701,0.000187853,0.011152434,0.003041509,0.002191607,,0.07942525,0.064743354,0.137134844,0.071550541,,0.004892407,0.027521139,0.129668685,0.005081337,,0.022586485,0.011026491,0.042074917,0.190381204,0.187919817,1.025954027,2.024522768,,0.0,0.071903195,0.006685765,0.038947342,0.016005306,0.013123832,0.010942196,0.060841806,0.002644868,0.030475289,0.0,0.010209074,0.119777678,0.011700374,0.010644064,0.029230838,0.004661298,0.003145575,,0.000232413,0.008061634,0.0,,,0.006847561,0.023988904,0.000184901,0.000139067,0.000729522,,0.001402006,0.002443318,0.001363527,0.0,0.000872897,0.000582158,0.003517306,0.000912424,0.0,,0.0,0.017560021,0.0,0.0,0.0,0.0,0.0,,0.027638767,0.0,0.001380383,0.000366756,0.0,0.0,0.0,0.0,0.0,0.001180371,0.002985037,0.000823724,,0.0,0.000272794,0.0,0.0,0.0,,0.001868884,0.000921942,,0.005519692,,0.0,0.000671134,0.0,0.0,0.0,0.0,,0.001169216,0.0,0.0,0.0,,,,,0.000320254,,0.000416778,0.0,,,0.0,,,0.0,,0.0,0.0002508,0.000721214,0.0,0.0,,9.98e-5,0.0,0.000313292,0.000145921,,0.002954035,0.0,0.0,0.002944985,,0.0,,,0.0,,0.0,0.000262711,0.0,0.0,,0.0,0.0,0.0,0.0,0.0,0.005229881,0.001532296,0.0,0.0,0.0,0.0,0.0,0.0,0.0,,0.0,0.0,,0.000398541,,0.0,0.0,0.000190738,0.0,0.0,0.0,0.001024404,0.003917469,0.0,0.122780507,0.056098045,0.002367714,0.006739378,0.049377841,0.075315993,0.11588605,0.001384675,0.234498633,0.364502628,0.339923987,0.216779193,0.148617675,0.25992035,0.328915619,0.056468945,0.018838819,0.168529712,0.044411117,0.036662631,0.120889962,0.018347633,0.004659508,0.015276414,0.024564495,0.008892485,0.078376508,0.045623065,0.003386777,0.050465656,0.003111698,0.082261841,0.041554137,0.004544193,0.0,0.094572904,0.102463181,0.62836567,0.232399341,,0.079217252,0.038428042,0.131568228,0.045051804,0.035184956,0.059606791,0.2131488,1.268121956,1.254361541,1.261598401,4.742857862,,0.0,0.251013808,0.119776602,0.03208658,0.031573819,,0.058917216,0.127225643,0.000937876,0.030409148,0.013725933,0.042911496,0.017748438,0.120638073,0.034401743,0.053464996,0.0137883,0.008356106,,0.000500155,0.040345162,0.0,,,0.086114372,0.003801739,0.000984154,0.000753329,0.002618772,0.0,0.001161285,0.0,0.028042977,0.000951173,0.000577386,0.000816461,0.000978417,0.0,0.014008413,,0.0,0.000454601,0.014261121,0.021128421,0.0,0.0,0.0,0.0,0.010791472,0.0,0.000156773,0.001142174,0.0,0.002203512,0.001002989,0.0,0.0,0.0,0.0,0.0043355,,0.0,0.001948904,0.0,0.0,0.000956113,,0.003656602,0.0,,0.0,0.0,0.0,0.0,0.003747179,0.0,0.009872143,0.0,,0.0,0.0,0.0,0.138380703,0.0,,0.0,0.0,0.002268227,0.087805008,0.001590227,0.0,,0.0,0.001246571,,,0.0,0.000909825,0.0,0.000364992,0.01042576,0.0,0.0,0.0,0.000718259,0.002968584,0.0,0.001633475,0.001415515,0.0,0.001555673,0.0,,0.002045599,0.0,0.0,0.0,0.0,0.0,0.0,0.0,0.001238472,,0.0,0.035157607,0.0,,0.0,,0.0,0.0,0.001833003,0.000147895,0.0,0.0,0.0,,0.000924217,0.0,0.0,0.0,0.0,,0.000721664,,0.0,0.000297224,0.000433013,,0.0
413,4,0.0,0.000566874,0.00085257,0.012524297,0.010640328,0.01157911,0.00034633,0.003685143,0.001158698,0.014980916,0.020566615,0.0,0.061419615,,0.195663388,0.161283289,0.244322646,0.039202261,,0.066680056,0.016394716,,0.016740807,0.080063072,0.098905038,0.007305264,0.000168328,0.0,0.0,0.0,0.000130401,0.004416339,0.002834399,0.01416034,0.000160243,0.002838453,0.004098757,0.000144659,,,0.164251791,0.075166365,0.101607719,,0.000621838,0.0,0.0,0.005487472,,0.001133735,0.014040731,0.007210247,0.040602418,0.114151634,0.509921778,0.562355363,,0.0,0.062412375,0.000116482,,0.000279953,0.002075291,0.001510906,0.009256732,0.000629138,0.0,0.0,0.001162389,0.019664337,0.005167348,0.001809753,0.001839594,0.004089307,0.001125438,,0.001333201,0.01077298,0.0,,,0.000741434,0.0,0.000421638,0.00474755,0.0,,0.00054892,0.000933336,,0.0,0.0,0.00521676,0.000402252,0.000546939,,,0.008706213,0.001352582,,0.000494248,0.0,0.0,0.0,0.0,0.000432699,0.0,0.000119084,0.0,0.0,0.0,0.0,0.0,0.0,0.0,0.0,0.000934139,,0.008358201,0.00092077,,,,,0.000737496,0.000575112,,0.0,,,,0.0,,,,,,0.0,0.0,0.0,,,,,0.0,0.0,0.000164976,,0.0,,,,0.0,0.0,,0.0,0.002441444,0.0,0.0,0.0,,0.000194951,0.000409552,0.000453793,0.000948346,,0.0,0.000884463,0.0,0.0,,,,,,,,0.00015961,0.0,0.0,,,,0.0,0.0,0.0,0.0,0.023392494,0.011034189,0.0,0.0,0.005361334,,0.0,,,,0.000112377,,0.000771335,,,0.0,0.003299881,,0.0,0.001257037,0.000503536,0.000825035,0.000277019,0.027493296,0.003122729,0.000213089,0.003235321,0.010968938,0.010076711,0.025645766,0.008896846,0.058405118,0.102224607,0.757530536,0.567787582,0.29936434,0.577552449,0.0,0.180950591,0.151611764,0.23289528,0.131090821,0.235814174,0.170197662,0.004116459,0.0,0.000723477,0.002606007,0.004376102,0.023898391,0.003868661,0.000218058,0.013339591,0.000725308,0.073989874,0.041898021,0.005470179,,0.611040114,0.256531662,0.137767366,0.088471584,,0.004274688,0.002688282,0.0,0.01051592,0.011228736,0.0,0.086635174,0.566878766,0.252008138,1.771711825,3.30419039,,0.0,0.108011542,0.026157463,0.024043576,0.013347196,0.008484271,0.184094856,0.4735757,0.000329449,0.002127794,0.000962635,0.006020954,0.027400739,0.047347538,0.016640395,0.013283883,0.00334139,0.002228158,,7.39e-5,0.017202443,0.0,,,0.00036946,0.0,0.000364591,0.0,0.000657774,,0.001124467,0.000831499,0.00636631,0.0,0.0,0.0,0.000185096,0.001890725,0.0,,0.0,0.011340561,0.010901141,0.012670226,0.0,0.00375245,0.014139965,0.0,0.007088903,0.0,0.000727785,0.001368669,0.0,0.0,0.001403016,0.004134543,0.0,0.000842213,0.000646037,0.0,,0.000768651,0.0,,,0.0,,0.0,0.0,,0.0,,,,0.0,,,,,,0.0,0.000142329,0.04012114,0.0,,,0.0,0.0,0.0,0.000185203,,0.0,0.0,,,0.002544766,0.0,0.0,0.0,0.002363586,0.0,0.0,0.0,0.0,0.002119676,0.000325874,0.0,0.000348124,0.00085111,,0.0,0.006253652,0.0,0.000117385,0.0,0.0,0.004578831,0.0,0.028052014,0.0,,0.000130562,0.0,0.0,,0.0,,0.0,0.0,0.0,0.0,0.005967315,0.000629354,0.00113537,0.001020502,0.0,0.0,0.0,0.001445681,0.0,0.0,0.009367458,,0.000354226,,0.0,0.0,0.000599511,,0.0
414,4,0.0,0.00076611,0.000625097,,0.003594823,0.0,0.000677751,0.000275519,0.000295575,0.037863083,0.001476934,0.001973174,0.014084672,0.0,0.368474649,0.180323117,0.317576067,0.098668062,,0.051537702,0.034363693,0.398305428,0.007371416,0.075823009,0.212111004,0.004371838,0.000433657,0.005149277,0.0,0.002359449,0.002403126,0.001012664,0.000787753,0.015055831,0.000640915,0.004568324,0.006295095,0.00193077,0.0,,0.25484201,0.109854704,0.184967386,0.0,5.43e-5,0.001238557,,0.003408033,,0.00366215,0.011675751,0.026826476,0.030866049,0.034556635,0.262124472,0.194098472,,0.0,0.036798114,0.016237591,,0.007078266,0.000635495,0.003184128,0.020898922,0.001425896,0.016188688,0.0,0.004559091,0.000604354,0.015581482,0.01703752,0.017988355,0.002192322,0.01255979,,0.000496438,0.001140006,,0.031239739,0.0,0.0,0.0,0.0,0.0,0.00011223,,0.0,0.000639654,,0.000384719,0.0,0.000354113,0.0,0.0,0.0,,0.0,0.000919939,0.0,0.000533553,0.0,0.0,0.0,,0.004732286,0.0,0.000111648,0.000823084,0.0,0.0,0.002793056,0.0,0.0,0.0,0.000460322,0.0,,0.0,0.0,0.0,0.0,0.0,,0.000671296,0.0,0.0,0.0,,,0.0,,,0.0,,,0.0,0.0,0.001476906,0.055640902,0.0,,0.0,0.0,0.0,0.0,0.000376231,0.0,,,0.0,0.0,,0.0,0.0,,0.000849554,0.0,0.0,0.0,0.0,0.00032753,0.001322652,0.000541446,0.000666556,,0.0,0.0,0.0,0.000622739,0.0,0.000609205,0.0,,0.0,0.0,,0.001150637,0.0,0.0,,,,,0.0,0.0,0.000432643,0.001022047,0.0,0.000816478,0.0,0.001449968,0.0,0.000456871,,,,0.0,,0.0,,,0.002603367,0.000753804,,0.0,0.0,0.001710665,0.000770248,0.0,0.000582266,0.003913218,0.000473834,0.000333525,0.003406458,0.0,0.00090461,0.00106923,0.004621893,0.360475095,0.531862314,0.383642684,0.713757753,0.196941341,,0.270138101,0.093164487,0.175650882,0.070472158,0.377479625,0.345357738,0.011105652,0.001784717,0.003549258,0.0,0.000241053,0.00340264,0.000286955,0.001360822,0.009679695,0.006674628,0.033672882,0.036499517,0.004941489,,0.304604183,0.593830514,0.353223971,0.309965262,0.0,0.004705697,0.0,,0.040138553,0.012239064,0.009599467,0.307045658,0.360426894,0.158112813,0.86470063,3.166979765,,0.0,0.310224059,0.07610987,0.003502105,0.013427443,0.007493936,0.046176052,0.304915167,0.020041723,0.049701898,0.042678901,0.041664025,0.70173036,0.245408394,0.038026723,0.004243103,0.004616191,0.008593304,,0.002053335,0.00801462,,0.005275003,,0.02060094,0.003868718,0.000193405,0.000864415,0.001625086,,0.000248084,0.000486402,0.0,0.002508692,0.000198867,0.000510535,0.0,0.0,0.000852918,,0.002149469,0.000592618,0.0,0.0,,0.002232747,0.0,0.0,0.0,0.0,0.000129364,0.000353851,0.0,0.0,0.0,0.0,0.0,0.0,0.000401881,0.001758273,,0.0,0.000445065,0.0,0.0,0.000696492,,0.000626874,0.0,0.002619964,0.0,,,0.002486654,,,0.0,,,0.00055822,0.0,0.000257102,0.005870142,0.0,,0.0,0.0,0.0,0.0,0.000404632,0.0,,,0.000607809,0.0,,,0.0,,0.000356036,0.0,0.0,0.0,0.0,0.000501568,0.002524179,0.0,0.000289794,0.001522548,,0.0,0.0,0.0,0.001006315,0.0,0.0,0.0,0.0,0.000478921,0.0,,0.000283151,0.0,0.0,,,,,0.0,0.0,0.0,0.0,0.0,0.002619854,0.000275582,0.0,0.0,0.0,0.000285741,,,0.00026125,,0.000587822,,,0.000284792,0.000102633,,0.0
416,4,0.000103546,0.00059496,0.000625489,,0.034230307,0.028628985,0.000734914,0.008179886,0.008777727,0.010983819,0.108643237,0.0,0.182386779,0.325323407,0.456221318,0.27155454,0.362170335,0.168086093,0.070176379,0.06674156,0.037763748,,0.018996227,0.082845001,,0.002580442,0.006981853,0.002253713,,0.000665198,9.23e-5,0.000949329,0.000308463,0.007316845,0.000509966,0.010218571,0.00099827,0.00059511,,0.160458623,0.264939912,0.17694749,0.160543106,0.0,0.001027861,0.0,,0.004914308,,0.000305618,0.036601637,0.000720698,0.026494772,0.028439272,0.145690259,0.127780267,,0.0,0.060627796,,,0.000511486,,0.00171649,0.020152776,0.000374625,,0.0,0.00606355,0.001019481,0.030969235,0.0,0.001885631,0.003154471,0.000404084,,0.000473878,0.000485098,,0.003970686,,0.002636477,0.0,0.000575283,0.0,0.0,,0.0,0.0,,0.000497338,0.002521734,0.000250178,0.0,0.0,0.0,,0.0,0.000223441,0.0,0.003263519,0.0,0.000354292,0.0,0.0,0.0,0.0,0.0,0.0,0.0,0.0,0.0,0.0,0.0,0.0,0.0,0.0,,0.0,0.000613225,,,0.0,,0.0,0.0,,0.0,,,,0.0,,,,,,,0.0,0.0,,,,,0.00279304,0.0,0.0,,0.0,,,,0.0,0.000280631,,0.0,0.001025941,,,,,0.000976668,0.000683387,0.000261748,0.000419816,,0.000759624,0.0,,0.000263882,0.0,0.0,0.0,0.0,0.0,0.0,,0.000951561,,0.0,,,,,0.0,0.0,0.000639475,,0.0,0.000267457,0.0,,,,,,,0.0,,,,,,,,0.0,0.000493564,0.000698495,0.000376021,,0.053766695,0.052270056,0.001786588,0.015913098,0.006150451,0.011964357,0.108097379,0.010808502,0.3071659,0.494609114,0.444271596,0.333374364,0.47604697,0.304563819,0.159446428,0.25065683,0.147141611,0.151645229,0.285096579,0.338657493,0.271790564,0.00255222,0.002903878,0.000262633,,0.000251941,0.000885494,0.002464466,0.004378735,0.146759702,0.00527185,0.151455409,0.065551191,0.020499224,,0.242680143,0.348234834,0.213558427,0.199184558,0.0,0.002409488,0.002434339,,0.020594989,5.74e-5,0.00075535,0.002677826,0.674010123,0.09417406,0.3636033,2.305969566,,0.0,0.085581256,0.003915983,0.033285844,0.005010047,0.004889018,0.107259788,0.801586665,0.0,0.025903381,0.016765679,0.012871471,0.118167,0.053619598,0.004598946,0.000198732,0.004605688,0.005012499,,0.000231467,0.000132223,,0.0,,0.008777625,0.0,0.001024582,0.0,0.000372919,,0.0,0.001736009,,0.0,0.000415422,0.000249794,0.000435977,0.0,0.0,,0.0,0.001287497,0.0,0.0,0.000193845,0.0,0.0,0.0,0.000172305,0.0,0.0,0.000383271,0.0,0.053352677,0.000925045,0.0,0.0,0.0,0.0,0.000409991,,0.000558189,0.005116109,0.0,0.0,0.0,,0.0,0.0,,0.0,,,,0.0,,,,,,,0.0,0.0,,,,,0.0,0.0,0.002645067,,0.0,,,,0.0,0.0,,0.0,0.001303748,0.0,0.000802814,0.0,0.0,0.003553989,0.000358349,0.0,0.000720167,0.000208082,,0.0,0.0,0.0,0.000449011,0.0,0.0,0.0,0.0,0.0,0.0,,0.000138408,0.0,0.0,,0.0,,0.0,0.0,0.0,0.001467912,0.0,0.000339783,0.0,0.000234122,0.0,0.000813014,0.0,0.0,0.0,0.0,0.0,,0.00015427,,0.0,0.000674223,0.000324346,0.0,0.0
417,9,0.000142202,0.000988147,0.00056771,,0.001233936,0.0,0.000307369,0.0,0.002381549,0.000956408,0.004550036,0.000349312,0.002474108,0.0,0.026453987,0.000843006,0.010433783,0.007925428,0.0,0.001452289,0.002469006,0.0,0.0,0.013148185,0.002107974,0.002109394,0.007416736,0.007023222,0.00226994,0.000299562,0.002192482,0.000127123,0.000224587,0.004357558,0.000208138,0.002456431,0.00053231,0.000932162,0.002110945,0.0,0.015017961,0.010151336,0.016085583,6.52e-5,0.000320177,0.00018681,,0.004935687,0.000826924,0.000300129,0.000184442,0.023965203,0.168992241,0.22230459,0.610452985,2.481625756,0.013493215,0.0,0.036084923,0.047884923,,0.001417766,0.023105847,0.007446608,0.023842204,0.016117332,0.0,0.0,0.016144767,0.0,0.020979917,0.001365319,0.015329472,0.002004406,0.000826195,,0.000159732,0.015147316,,,,0.003219826,0.0,0.001279043,0.0,0.001657941,,0.000737711,0.000688631,,0.000381393,0.0,0.00040782,0.009780001,0.0,0.0,,0.0,0.002440695,0.0,0.0,0.001009301,0.000840128,0.000653467,,0.028805212,0.082052646,0.000755428,0.006201779,0.0,0.0,0.0,0.0,0.001195787,0.0,0.0,0.0,,0.0,0.000765959,,0.0,0.006157276,,0.0,0.0,0.0,0.0,,,,,,,,,0.0,0.00135453,0.000371138,0.142723674,,,,,0.0,,0.000991684,0.0,,,0.001660605,0.0,,0.0,,,0.000283407,0.0,0.0,0.0,0.0,8.24e-5,0.000545809,0.000455339,0.000680163,,0.0,0.0,0.0,0.0,,0.0,0.0,,0.008861485,,,0.00075431,0.0,0.0,,0.0,,,,0.0,0.001481817,0.0,0.0,0.0,0.0,0.0,0.0,0.012147673,,,,0.0,,0.000929276,,,0.0,0.000208217,,0.0,0.0,0.000358648,0.005052935,0.003942334,0.006332135,0.001325511,3.81e-5,0.000140043,0.000942107,0.009191276,0.047073727,0.0,0.060977597,,0.009433414,0.000464589,0.03668897,,,0.009235262,0.005930962,0.015284776,0.033249277,0.035871857,0.051780797,0.003417325,0.0,0.003711126,0.0,0.003993562,0.022667709,0.006860292,0.000498891,0.019219059,0.000282562,0.014237706,0.020316038,0.020438578,0.000200717,,0.017774383,0.07259952,0.03265745,0.0,0.006422187,0.037796182,,0.032655884,0.083473564,0.000507622,0.210327076,0.814323148,0.218038191,1.2124659,4.895780861,0.02362326,0.0,0.248356576,0.128394322,0.146666389,0.077188667,0.177916061,0.229260568,0.926407633,0.085543218,0.024150463,0.001306819,0.025639808,0.0,0.094223413,0.028066367,0.072197647,0.005025181,0.004904122,,0.000259327,0.007421544,,,0.0,0.010201611,0.00712335,0.000220022,0.000883398,0.000503829,,0.00124302,0.003778438,0.005015674,0.000328702,0.000217878,0.001482383,0.0,0.0,0.0,,0.003064794,0.003507587,,0.0,0.0,0.0,0.0,,0.007649423,0.0,0.000265053,0.003276565,0.0,0.0,0.0,0.0,0.0,0.000580363,0.0,0.007492021,,0.0,0.004634169,,,,,0.0,0.0,0.0,0.0,,,0.0,,,,,,0.000623354,0.0,0.015043305,0.192516516,,,,,0.0,,0.001513997,0.0,,,0.000499751,0.03156856,,0.0,,0.0,0.007236798,0.0,0.0,0.0,0.0,0.00022556,0.001191022,0.0,0.000768486,0.000956706,,0.0,0.0,0.0,0.0,,,,,,,,0.000394417,0.0,0.0,,,,,0.0,0.0,0.0,0.0,,0.0,0.002163087,0.0,0.0,,,,,0.000688575,,0.0,,,,0.003241247,,0.0
420,9,,0.000143169,0.000295463,,0.012173792,0.001582889,0.001359007,0.028211924,0.001826169,0.024651109,0.040867971,0.00101044,0.045404403,,,0.232791316,0.10563422,,,0.025634635,0.013079869,0.027582547,0.0,0.055254876,0.063719194,0.0,0.0,,,,,,0.0,0.002914147,0.001246555,0.001115796,0.007566532,0.002223098,,,0.129263318,0.085142733,0.117859091,,,,,0.010485502,,0.000851183,0.000579567,0.018731445,0.070550071,0.263145542,0.395262202,1.880805137,0.154286531,0.0,0.053963182,0.007669019,0.00187808,0.004104844,0.002182778,0.004053377,0.012340215,0.001691535,0.000759564,0.0,0.00753968,0.003261748,0.002961434,0.0,0.008696333,0.002857864,0.002786732,,0.001261912,0.000890173,,0.0,,0.001512777,0.0,0.00018728,0.0,0.000281997,,0.0,0.000808946,,0.0,0.000298271,0.0,0.000331281,0.0,,,0.0,0.004500603,,0.0,0.0,0.0,0.0,0.0,0.020705568,0.0,0.000658018,0.010718343,0.0,0.0,0.0,0.0,0.0,0.00223504,0.004896008,0.001354301,,0.0,0.0,,,0.0,,0.000960275,0.0,,0.0,,,,0.0,,,,,,,0.0,0.0,,,,,0.0,0.002155681,0.00047629,,0.0,,,,0.0,0.0,,0.0,0.000533811,0.0,0.0,0.0,,8.02e-5,0.000622745,0.000607781,0.001147244,,0.0,0.0,0.0,,,,,,,,,0.000854233,0.0,,0.0,0.0,,0.0,,0.0,0.002128007,0.0031361,0.0,0.0,0.004371102,0.0,0.0,0.00319386,,,,0.001629009,,0.004026239,,,0.003889834,6.81e-5,,0.0,,0.000221073,0.012132995,,0.147835917,0.029211618,0.000110376,0.01243618,0.052303704,0.099690641,0.227547628,0.002822504,0.314565007,0.599391679,,,0.756734145,,,0.100571035,0.06414555,0.060187754,0.138246753,0.084029265,0.148224331,0.021367092,0.008240405,,,,,,0.003391787,0.040757774,0.003118776,0.047103978,0.109754258,0.034630897,,,0.404936478,0.29459895,0.085047592,,,,,0.081718435,0.00971337,0.004445991,0.014915586,0.50395481,1.217238022,0.749173077,4.294990851,0.027753072,0.0,0.141209145,0.08745803,0.012977689,0.059667637,0.031291,0.054756229,0.455419284,0.006829481,0.002254559,0.0,0.018910056,0.019745404,0.073002833,0.070257831,0.001898664,0.005835112,0.008108464,,0.000331734,0.001578671,,0.001257459,,0.075864182,0.0,0.054935749,0.018345837,0.002854069,,0.0,0.0,,0.002594557,0.0,0.0,0.006992881,,,,0.0,0.000690279,0.183580018,1.117123684,0.000930054,0.0,0.0,0.0,0.181418818,0.0,0.003572018,0.0,0.0,0.007431648,0.0,0.0,0.002817297,0.0,0.0,0.146764558,,0.0,0.002669932,,,0.033438209,,0.004204206,0.0,,0.0,,,,0.00089338,,,,,,0.0,0.0,0.0,,,,,0.0,0.001434666,0.0,,0.0,0.0,,,0.003454952,0.0,,0.0,0.0024714,0.000940295,0.0,0.0,,0.0,0.0,0.0,0.000260728,0.003863878,,0.0,0.0,0.0,,,,,,,,,0.000182387,,0.0,0.0,0.0,,0.0,,0.0,0.0,0.0,0.0237776,0.0,0.0,0.0,0.0,0.0,0.002304199,,,0.0,,0.000417068,,,0.023863397,0.0,,0.0
421,9,0.0,8.38e-5,9.75e-5,,0.000724321,0.0,0.000288957,0.0,0.000130565,0.021398642,0.001136892,0.000338005,0.004128753,0.0,0.036655611,0.033329417,0.001286389,0.0,,0.005693481,0.001748798,0.0,0.000329583,0.002457275,0.00548686,0.00029129,0.0,0.000214023,,0.0,0.0,0.00040563,8.05e-5,0.000183755,0.000284677,0.000111974,0.0,0.00023516,0.0,,0.006432831,0.028970762,0.044963407,6.51e-5,0.000203873,,,0.005221004,,0.0,0.022867107,0.013186198,0.162033795,0.134612032,0.749842868,3.102968043,0.021223189,0.0,0.076633718,0.06346212,,0.000695152,0.013315671,0.015519958,0.034755951,0.00411496,0.0,0.0,0.0078137,0.0,0.00954964,0.000203484,0.004318281,0.0003729,8.94e-5,,0.000400926,0.000446898,,,,0.014131121,0.0,0.001549983,0.0,0.000157469,,0.0,0.000387709,,0.000293872,0.0,0.000369477,0.0,0.0,0.0,,0.0,0.005105147,0.090339203,0.0,0.0,0.0,0.0,0.0,0.009460409,0.0,0.0,0.001671602,0.0,0.0,0.0,0.0,0.0,0.0,0.0,0.0,,0.0,0.0,0.0,0.0,0.002915346,,0.0,0.0,,0.0,,,,,,,,,0.003291944,0.0,0.0,0.00773995,0.0,,0.0,0.0,0.0,0.0,0.000936033,,,,0.0,,,0.0,0.0,,0.0,0.0,0.0,0.0,,0.0,0.0,0.000521175,6.25e-5,,0.0,0.0,0.0,0.0,,0.0,0.0,,0.0,,,0.001406718,0.0,0.0,,,,,0.0,0.0,0.001313882,0.0,0.0,0.000270413,0.0,0.0,0.0,0.000368374,,,,0.0,,0.000315034,,,0.035684981,0.000625528,,0.0,0.0,4.53e-5,0.001063953,0.0,0.000151406,0.0,0.000392427,7.59e-5,0.00020465,0.000878339,0.002028577,0.000613015,0.000157317,,0.0,0.009590122,0.00601063,0.0,,0.0,0.019122165,0.107662911,0.024697009,0.0,0.010314448,0.005812605,0.0,9.8e-5,,0.000143181,0.000759161,0.005671116,6.93e-5,0.011528979,0.0,0.016234631,0.007813081,0.005326803,0.0,,0.000595247,0.115127463,0.037940235,0.003928861,0.002860477,,,0.072388624,0.047466507,0.159549516,0.081458598,0.306427449,0.343225196,1.101387749,4.4294199,0.026210682,0.0,0.241987292,0.110302063,0.2796821,0.03634927,0.078971195,0.226562639,0.137140102,0.005145196,0.002886049,0.005387331,0.080456272,0.0,0.104116657,0.033770169,0.017367733,0.000960152,0.012777898,,0.002185693,0.013403506,,,0.0,0.014212236,0.023703295,0.007148914,0.000159624,0.006707422,,0.0,0.000304936,,0.0,0.0,0.0,0.0,0.0,0.0,,0.0,0.000596891,,0.0,0.0,0.0,0.0,,0.011907637,0.0,0.000360549,0.0,0.0,0.0,0.0,0.0,0.003437624,0.000867586,0.0,0.0,,0.0,0.000556592,,,0.0,,0.0,0.0,,0.00151062,,,,,,,,,0.0,0.0,0.0,0.025794335,0.0,,0.002905201,0.009559049,0.0,0.0,0.001178658,,,,0.001062022,,,0.000592573,0.0,,0.000523469,0.0,0.0,0.0,0.0,0.0,0.0,,0.00043925,0.000201319,,0.0,0.0,0.0,0.000250977,,0.0,0.0,,0.0,,,0.0,0.0,0.0,,,,,0.0,0.0,0.0,0.0,0.0,0.0,0.0,0.0,0.0,,0.0,,,0.0,,0.0,,,0.002348622,0.001957405,,0.0
422,6,0.0,7.14e-5,0.000219687,,4.4e-5,0.001308307,0.000238964,0.0,0.000210894,0.000603467,0.0,0.005282543,0.000128232,,0.004698711,0.001213704,0.001600447,0.003735644,,0.000203342,0.000581867,0.0,0.0,0.001646767,0.004094913,0.000375731,0.000878818,0.0,0.000601359,8.94e-5,0.000679988,0.0,0.000649811,0.000333569,0.000241728,7.76e-5,0.0,0.000184756,,,0.000228649,0.009666,0.005606363,,0.002904765,0.000402035,0.0,0.000280823,,0.0,0.000379307,0.0,0.003503236,0.003491542,0.080633891,0.151384866,,0.0,0.000440269,0.0,,6.66e-5,0.000579178,0.000571779,0.000468054,0.0,0.0,0.0,0.000929011,0.0,0.00021885,0.000649579,0.00039283,0.001271522,0.002233674,,0.0,0.000206388,0.0,,,0.000546876,0.0,0.0,0.0,0.0,0.0,0.0,0.0,0.0,0.003344367,0.0,0.000466843,0.000940102,0.0,,,0.0,0.000119893,,0.0,0.0,0.0,0.0,,0.001181103,0.0,0.0,0.0,0.0,0.0,0.000946896,0.0,0.0,0.0,0.000628974,0.000451623,,0.0,0.000426354,,,,,0.0,0.001379659,,0.0,0.0,0.0,0.0,0.0,0.0,0.0,0.0,,0.003603654,,0.0,0.0,,,,,0.000499103,,0.000332775,0.0,,,0.001302238,,,0.0,,0.0,0.0,0.0,0.0,0.0,0.0,9.43e-5,0.000172845,0.000293004,0.000136907,,0.0,0.0,0.0,0.0,,0.0,,,0.0,,,0.000156875,0.0,0.0,,,,,0.0,0.0,0.0,0.0,0.000651732,0.000152615,0.0,0.0,0.0,0.0,,,,0.0,,0.000446198,,,0.0,0.0,,0.0,0.0,0.00020272,0.000106481,0.0,0.0,0.0,0.001284191,7.48e-5,0.000234249,0.000597354,0.000545098,0.001767371,9.6e-5,,0.003890714,0.015191919,0.001135465,0.0,,0.000675457,0.000834187,0.0,0.009038074,0.0014416,0.002627767,0.000311186,0.0,0.000113802,0.0,0.000382701,0.000287497,0.001862575,0.000185688,9.25e-5,0.0,0.000321347,0.0,9.02e-5,0.0,,0.008051989,0.028304918,0.008682872,,0.000360342,0.0,0.03604473,0.0001922,8.0e-5,0.0,0.007535964,0.013097797,0.003832469,0.100362658,0.750053233,,0.002180344,0.034779006,0.000937085,0.0,0.00235132,0.00186216,0.013533952,0.021745211,0.0,0.0,0.0,0.000562681,0.0,0.0,0.00050967,0.000233163,0.000558997,0.000553157,,0.0,0.001453475,0.0,,,0.000379331,,0.0,0.000331976,0.001009298,0.0,0.000705309,0.0,0.000824345,0.000418972,0.000235459,0.000748257,0.000152286,0.0,,,0.020408321,0.002014255,,0.002486421,0.000279563,0.0,0.0,0.0,0.001847197,0.0,0.0,0.0,0.0,0.0,0.0,0.0,0.0,0.000670924,0.000600523,0.0,,0.000327951,0.000232071,,,,,0.0,0.0,,0.0,0.0,0.0,0.0,0.0,0.0,0.0,0.0,,0.0,,0.0,0.0,,,,,0.0,,0.000374858,0.0,,,0.0,,,0.0,,0.0,4.18e-5,0.0,0.0,0.0,0.0,0.000663228,0.000173689,0.001730427,0.00018604,0.000221899,,0.0,0.0,0.0,0.000462522,,,,,,,,0.00061166,0.0,0.003616106,,,,,0.0,0.0,0.0,0.0,0.0,0.000818244,0.000330836,0.000983289,0.0,,0.0,,,0.000690265,,0.0,,,0.0003415,0.000107503,,0.0
423,6,0.0,0.000246463,6.92e-5,,0.01162926,0.014154786,0.000537067,0.0036334,0.006622177,0.002796949,0.024291363,0.00073842,0.023823782,0.138552347,0.108710133,0.148709461,0.127301518,0.054950157,0.0,0.02053879,0.009731044,,0.027385108,0.060479382,0.128770227,0.00047759,0.013669406,0.0,0.0,0.004985823,0.000562919,0.000124939,0.0,0.009517986,0.0,0.007808876,0.000822063,3.79e-5,,0.014622031,0.089565497,0.047512846,0.062293099,,0.00132867,0.000638566,,0.013892313,,0.005911082,0.0,0.082345124,0.142213106,0.182888515,1.628309852,2.878005707,,0.0,0.173790094,0.024820954,,0.001238074,0.005789907,0.001501787,0.015413057,0.002324395,0.0,0.0,0.000706218,0.000870206,0.000333775,0.001698344,0.003144364,0.000965418,0.000471211,,0.000101529,0.001170987,,,,0.00613129,0.0,0.0,0.000496208,0.0,,0.000385251,0.0,0.0,0.0,0.0,0.000301511,0.0,0.0,0.0,,0.0,0.007492164,0.0,0.000704056,0.0,0.0,0.0,0.0,0.005600891,0.0,0.0,,,0.0,0.0,,0.0,0.012651156,0.0,0.000458077,,0.0,0.0,0.0,0.0,0.0,,0.0,0.0,,0.0,,,0.0,0.002509503,,0.0,,,,,0.0,0.0,0.0,,,0.000553418,,0.001035371,0.00946563,0.0,,0.0,,,0.025451725,0.0,,0.0,0.0,0.0,0.0,0.0,0.0,0.000446152,0.000332328,0.000296695,0.000121159,,0.0,0.00123009,0.09847593,0.000554418,0.0,0.0,0.000491699,0.0,0.0,,,0.000496583,0.004832438,0.0,,,,0.0,,0.0,0.000497994,0.0,0.0,0.0,0.0,0.0,,0.0,,,,0.000676346,,0.0,,,0.0,0.000786205,,0.0,0.0,0.000525698,0.000920974,,0.040211962,0.018632115,7.74e-5,0.010385932,0.005404166,0.001642305,0.045258913,0.002986627,0.01233682,0.186473323,0.140948281,0.08004233,0.155310637,0.055501462,0.052392257,0.043450293,0.02460674,0.0,0.02726093,0.025346925,0.093698641,0.002542867,0.00222017,0.001785895,0.002389451,0.000634674,0.008426947,0.013094346,0.001437346,0.008601994,0.001273861,0.034975514,0.009183286,0.001908394,,0.085365682,0.083476825,0.24961455,0.054328113,,0.018540423,0.02549931,,0.053042438,0.020075415,0.08504815,0.178458714,1.221999566,0.534385462,1.285372687,4.924707717,,0.0,0.360182848,0.088916685,0.225656836,0.036579465,0.041902467,0.262053759,0.237952777,0.024085569,0.0,0.076939765,0.074023885,0.006170625,0.201636291,0.091206106,0.046995835,0.006849894,0.004710483,,0.0,0.013662341,,,,0.018984627,0.0,0.000438719,,0.000840316,,0.006700589,0.0,0.00198278,,0.000497343,0.000390036,0.0015304,0.0,0.0,,0.0,0.005373052,0.007541727,0.0,0.001664409,0.0,0.001058698,0.0,0.005071472,0.003069444,0.002654793,,,0.0,0.0,,,0.000893794,0.0,0.0,,0.0,0.000270841,0.0,0.0,0.008454648,,0.007192192,0.0,,0.0,,,0.0,0.003225672,,0.0,,,,0.0,0.0,0.0,0.000776186,,,0.037213977,,0.001602719,0.020608215,0.018148463,,0.0,,,0.000578544,,0.001041664,0.0,0.0,0.000713969,0.0,0.0,0.0,0.001639541,0.000211685,0.0,0.0,0.006274091,0.0,0.0,0.0,0.0,0.000144954,0.0,0.0,0.001447809,0.0,0.0,0.0,,0.0,0.0,0.0,,,,0.0,0.007083387,0.0,0.0,0.0,0.0,0.004469922,0.0,0.0,0.0,,0.0,,0.0,0.0,,0.000226408,,,0.001410982,0.0,,0.0
424,6,0.0,0.000619055,7.93e-5,,0.009237638,,0.002482141,0.0,0.009609968,0.0,0.027151292,0.00132778,0.031438753,0.077735681,0.19441878,0.079667637,0.067919907,0.04095913,0.0,0.033745423,0.010521913,0.0,0.000461057,0.069631362,0.053249037,0.000252827,0.000543946,0.000633185,0.0,0.000565236,0.000392236,0.000352669,0.000378107,0.006229933,0.006419762,0.000218524,0.000630134,0.000438388,0.000477095,0.0,0.090132402,0.074977409,0.122636411,,0.000781856,0.002096405,,0.011303855,,0.017479969,0.0,0.047528006,0.194094642,0.150932248,2.225728246,3.571205227,0.0,0.0,0.154651893,0.04074342,0.0,0.001957028,0.02617381,0.014181071,0.059723641,0.035075331,0.0,0.0,0.016037554,0.009457332,0.013830497,0.0,0.011446774,0.001377053,0.003192148,,0.000386862,0.006016531,,0.0,,0.001036649,0.003523273,0.001142844,0.000983673,0.01197285,,0.014842171,0.000366262,,0.0,0.000527484,0.000350403,0.00059128,0.0,,,0.002115202,0.05171682,0.008325636,0.000286708,0.0,0.0,0.001395339,0.0,0.003562306,0.0,0.007368583,0.0,0.0,0.0,0.0,0.0,0.0,0.0,0.028839196,0.0,,0.0,0.003608552,,,0.0,,0.0,0.001981299,,0.0,,,,0.0,,,,,,,0.022318962,0.050935841,,,,,0.003307543,0.0,0.0,,0.0,,0.0,,0.002561564,0.0,,0.0,0.00016787,0.001057356,0.0,0.0,,0.001330531,0.006902596,0.00046016,8.66e-5,,0.0,0.0,0.0,0.0,,,,,,,,0.000130135,0.0,0.0,,,,0.0,0.048398814,0.0,0.000750632,0.0,0.0,0.001666189,0.0,0.0,0.0,0.000747328,,,,0.0,,0.001923391,,,0.002261581,0.001297307,,0.0,0.011856511,3.15e-5,0.000528114,,0.005744429,,0.012120094,0.002568739,0.071527812,,0.005068973,0.00019587,0.013514198,0.025319821,0.200897121,0.289939649,0.116864743,0.0,0.0,0.054517483,0.013031798,0.00143429,0.018036942,0.076717251,0.076163398,0.001282251,0.000178042,0.026898725,0.002527515,0.013580892,0.038024428,0.021305129,0.000232074,0.011142681,0.000713888,0.006871231,0.012250882,0.003006246,0.001357115,0.0,0.097363643,0.34403193,0.107079195,,0.059809487,0.062843771,0.0,0.040866473,0.09199305,0.0,0.235783797,1.401694959,0.569882067,2.32133229,6.81062597,0.010406217,0.0,0.624443604,0.18045144,0.362478776,0.029829822,0.057556323,0.68521222,2.306943279,0.138507738,0.010217036,0.006570667,0.063330971,0.006799124,0.099685756,0.001367036,0.075946778,0.006270409,0.071142881,,0.0,0.105257593,,0.0,,0.029115395,0.0,0.000257138,0.001595965,0.001654114,,0.012051147,0.026800809,,0.0,0.000225858,0.0,0.000227476,0.0,,,0.0,0.000985952,0.0,0.003829056,0.0,0.0,0.000901381,0.003371591,0.002296748,0.0,0.000561462,0.0,0.0,0.0,0.0,0.0,0.0,0.0,0.001516285,0.000481871,,0.0,0.000309261,,,0.0,,0.003874683,0.000443912,,0.0,,,,0.004667028,,,,,,,0.000825336,0.199298891,,,,,0.003132882,0.109341364,0.001727041,,0.0,,0.0,,0.0,0.0,,0.0,0.008203639,0.0,0.0,0.0,0.0,0.000786113,0.008658861,0.0,0.00215176,0.000255517,,0.0,0.0,0.0,0.0,,,,,,,,0.001982399,0.0,0.0,,0.0,,0.0,0.0,0.0,0.0,0.0,0.0,0.0,0.000573635,0.0,0.0,0.0,0.0,,,0.0,,0.00028348,,,0.002891188,0.002356667,,0.0
