index,name,value,category
1,rho,0.6268931682793759,parameter
2,alpha,2.048437904171613,parameter
3,y0[1],0.11788886457136923,parameter
4,y0[2],1.429584722386546,parameter
5,y0[3],2.42471973141426,parameter
6,y0[4],-1.5954978592901805,parameter
7,y0[5],0.5072662135085101,parameter
8,y0[6],0.3350605713734739,parameter
9,y0[7],-1.6549803012816122,parameter
10,y0[8],0.48811795418551035,parameter
11,y0[9],0.13177914520559794,parameter
12,y0[10],0.11240023511106545,parameter
13,y0[11],2.184420738680171,parameter
14,y0[12],0.3109626391173375,parameter
15,y0[13],0.5372085322200826,parameter
16,y0[14],0.8950376747342107,parameter
17,y0[15],1.1015876440901493,parameter
18,y0[16],-1.216562009877878,parameter
19,y0[17],1.3117994235392456,parameter
20,y0[18],-0.08872449915248114,parameter
21,y0[19],0.19482802100997507,parameter
22,y0[20],-0.7635347202958392,parameter
23,y0[21],-0.32892164982978145,parameter
24,y0[22],-0.7757383274112872,parameter
25,y0[23],-0.33808375414260305,parameter
26,y0[24],-1.232397632038454,parameter
27,y0[25],0.3095523615644315,parameter
28,y0[26],1.2680259476855549,parameter
29,y0[27],-0.17622061547450107,parameter
30,y0[28],1.0567790860858182,parameter
31,y0[29],-0.24123991133087425,parameter
32,y0[30],0.39814302195749185,parameter
33,y0[31],-0.682567768997612,parameter
34,y0[32],-0.06266569299124741,parameter
35,y0[33],0.7197067276883257,parameter
36,y0[34],0.16219481489841103,parameter
37,y0[35],0.13362464559540213,parameter
38,y0[36],0.3301400144585748,parameter
39,y0[37],-1.4697584129646382,parameter
40,y0[38],-1.1494326328155366,parameter
41,y0[39],0.7145505291592052,parameter
42,y0[40],0.9230366719963348,parameter
43,y0[41],1.8440961244579976,parameter
44,y0[42],0.44622353002845944,parameter
45,y0[43],0.9691241751522498,parameter
46,y0[44],0.8019694614491523,parameter
47,y0[45],-0.7491667853068659,parameter
48,y0[46],-1.2997529850157425,parameter
49,y0[47],-1.6096298201737294,parameter
50,y0[48],-1.0710441797724024,parameter
51,y0[49],-1.9134243329525966,parameter
52,y0[50],-0.7744401503356891,parameter
53,y0[51],-2.437414338959599,parameter
54,y0[52],-0.11394634935779528,parameter
55,y0[53],-1.9079919857879168,parameter
56,y0[54],-1.1006512369602843,parameter
57,y0[55],-0.7704573447406422,parameter
58,y0[56],-0.27540395298620374,parameter
59,y0[57],-0.5129124383861196,parameter
60,y0[58],-0.6794443888361796,parameter
61,y0[59],0.585441664735802,parameter
62,y0[60],0.028871166941829743,parameter
63,y0[61],-0.8555117873157452,parameter
64,y0[62],-2.185620671408161,parameter
65,y0[63],-1.125056402118315,parameter
66,y0[64],-1.1905938002693952,parameter
67,y0[65],-1.3635292957919274,parameter
68,y0[66],-1.5781182214800966,parameter
69,y0[67],-0.46061092071924403,parameter
70,y0[68],-0.6167855260542473,parameter
71,y0[69],0.03859698373871856,parameter
72,y0[70],-0.22493416949570966,parameter
73,y0[71],2.9860797971537494,parameter
74,y0[72],2.9493088807894297,parameter
75,y0[73],-0.3883443402882114,parameter
76,y0[74],9.164860690934788,parameter
77,y0[75],1.6135757468712302,parameter
78,y0[76],-0.4734193167564391,parameter
79,y0[77],-0.7487773265941582,parameter
80,y0[78],-0.2774532244787255,parameter
81,y0[79],-1.2211687480091151,parameter
82,y0[80],0.39353132861621404,parameter
83,y0[81],-1.4947112385504902,parameter
84,y0[82],0.4843308100370137,parameter
85,y0[83],-0.19191486754461648,parameter
86,y0[84],0.16578215498444304,parameter
87,y0[85],-2.0546292772000574,parameter
88,y0[86],-0.0010628472314822772,parameter
89,y0[87],-1.3736663882921367,parameter
90,y0[88],-0.4713779967039115,parameter
91,y0[89],-0.23359343584081277,parameter
92,y0[90],0.7652302093232268,parameter
93,y0[91],-2.266454169246708,parameter
94,y0[92],-1.934419448839857,parameter
95,y0[93],-1.587244055886561,parameter
96,y0[94],-1.6257053531194867,parameter
97,y0[95],-2.0736632810483435,parameter
98,y0[96],-1.444061339674814,parameter
99,y0[97],-1.1639028992584668,parameter
100,y0[98],-2.7381082998114867,parameter
101,y0[99],-2.3465806261530626,parameter
102,y0[100],-1.2502984624653548,parameter
103,y0[101],-1.7189937195522367,parameter
104,y0[102],-1.8123674436140267,parameter
105,y0[103],-3.1165608588306397,parameter
106,y0[104],-3.150254882692859,parameter
107,y0[105],-2.091651828617059,parameter
108,y0[106],-0.7792204480891257,parameter
109,y0[107],0.04610247958480613,parameter
110,y0[108],-0.8322420028207524,parameter
111,y0[109],-1.5907031807360632,parameter
112,y0[110],-1.7302662254176675,parameter
113,y0[111],-0.06142813933287899,parameter
114,y0[112],-1.974723717072248,parameter
115,y0[113],-2.485102162081292,parameter
116,y0[114],0.015365218689779431,parameter
117,y0[115],0.36960721589294915,parameter
118,y0[116],-1.7064727941040698,parameter
119,y0[117],-1.4441602666090685,parameter
120,y0[118],-0.7064562484983272,parameter
121,y0[119],-2.727227655204033,parameter
122,y0[120],-2.134188093714494,parameter
123,y0[121],-2.8431568896332484,parameter
124,y0[122],-2.1076152298556274,parameter
125,y0[123],-2.671585445878767,parameter
126,y0[124],-1.3593704664851285,parameter
127,y0[125],-1.4934438996127533,parameter
128,y0[126],-1.2901739292431005,parameter
129,y0[127],-0.29250240479809103,parameter
130,y0[128],-1.0235128965842375,parameter
131,y0[129],0.044215863108860186,parameter
132,y0[130],-0.036872435085257,parameter
133,y0[131],-0.3068168176929129,parameter
134,y0[132],-0.4641857902532692,parameter
135,y0[133],-1.2165419029826148,parameter
136,y0[134],-0.91259024636526,parameter
137,y0[135],-0.013793859505879545,parameter
138,y0[136],-0.025367466493423203,parameter
139,y0[137],-1.5603996222460959,parameter
140,y0[138],-1.8241912191050123,parameter
141,y0[139],-0.5079778046469968,parameter
142,y0[140],-1.6835820152081835,parameter
143,y0[141],-0.9681612251825366,parameter
144,y0[142],-0.6789014005732738,parameter
145,y0[143],-1.6723490449282146,parameter
146,y0[144],0.16166477495079867,parameter
147,y0[145],-0.35905973575583094,parameter
148,y0[146],-0.3608182870667736,parameter
149,y0[147],-0.4617906735250799,parameter
150,y0[148],-0.286460326212067,parameter
151,y0[149],-0.5889158630613088,parameter
152,y0[150],-0.7992031031260561,parameter
153,y0[151],-0.47201646311998957,parameter
154,y0[152],-0.1833189246611208,parameter
155,y0[153],-1.2106499253457912,parameter
156,y0[154],-0.19606131098071355,parameter
157,y0[155],-1.2984199945231358,parameter
158,y0[156],-1.3695407165704565,parameter
159,y0[157],0.1584910370243171,parameter
160,y0[158],-1.1662543775214163,parameter
161,y0[159],-0.16600643363365952,parameter
162,y0[160],-0.7706865138921063,parameter
163,y0[161],-0.41661210838353974,parameter
164,y0[162],0.683658907268245,parameter
165,y0[163],0.9550651708752717,parameter
166,y0[164],-0.786642556940451,parameter
167,y0[165],-0.14274320976798488,parameter
168,y0[166],-0.17821134287625068,parameter
169,y0[167],-0.24319120139510167,parameter
170,y0[168],-1.817212991682992,parameter
171,y0[169],-0.2282436899331765,parameter
172,y0[170],-0.5620338758929925,parameter
173,y0[171],-1.1748726525070248,parameter
174,y0[172],-1.8465997756443848,parameter
175,y0[173],-1.1969611928486157,parameter
176,y0[174],-0.6367921754949557,parameter
177,y0[175],-0.05243654418626609,parameter
178,y0[176],-0.4132277115452946,parameter
179,y0[177],-0.768718640488884,parameter
180,y0[178],-1.5312027689889445,parameter
181,y0[179],-1.349786253779518,parameter
182,y0[180],-1.1326590738446016,parameter
183,y0[181],-1.7210322904825095,parameter
184,y0[182],-0.5101070217542236,parameter
185,y0[183],0.3826699516493622,parameter
186,y0[184],-1.0021583009286636,parameter
187,y0[185],-1.1422331615534975,parameter
188,y0[186],-0.01708819154042207,parameter
189,y0[187],2.684472014016532,parameter
190,y0[188],0.41790460205745295,parameter
191,y0[189],-1.21123539387804,parameter
192,y0[190],-0.7313760535456686,parameter
193,y0[191],-0.5014618231923107,parameter
194,y0[192],0.05039651597338542,parameter
195,y0[193],0.1679845575677387,parameter
196,y0[194],-1.060021142553258,parameter
197,y0[195],0.10052053943067826,parameter
198,y0[196],-1.4779016021558944,parameter
199,y0[197],-1.1816968795577005,parameter
200,y0[198],-0.6164605075784398,parameter
201,y0[199],-0.01187713900303014,parameter
202,y0[200],-0.4532632557800929,parameter
203,y0[201],-0.7956107559627601,parameter
204,y0[202],-0.0930167924192808,parameter
205,y0[203],-0.7406309931634849,parameter
206,y0[204],-0.20083678251290252,parameter
207,y0[205],-1.2721372009639969,parameter
208,y0[206],0.6422942139217074,parameter
209,y0[207],0.13196559448878353,parameter
210,y0[208],0.11499480302449137,parameter
211,y0[209],1.686410239870574,parameter
212,y0[210],-1.7337966282322492,parameter
213,y0[211],-2.2345067929755067,parameter
214,y0[212],-1.1063785966744726,parameter
215,y0[213],-1.1498701152423088,parameter
216,y0[214],-0.8449081597170974,parameter
217,y0[215],-0.42450506101857166,parameter
218,y0[216],-1.2676386271106073,parameter
219,y0[217],0.1221278911219021,parameter
220,y0[218],-0.15448246882538308,parameter
221,y0[219],0.12153907488578765,parameter
222,y0[220],-0.78979873039981,parameter
223,y0[221],-0.11971523114179897,parameter
224,y0[222],-1.9466148180580563,parameter
225,y0[223],-0.1260665628190334,parameter
226,y0[224],-0.8626244012768212,parameter
227,y0[225],-0.9425359285400107,parameter
228,y0[226],-1.9826625736844836,parameter
229,y0[227],0.04347075678984186,parameter
230,y0[228],-0.9823806836628844,parameter
231,y0[229],-1.6510206273135157,parameter
232,y0[230],-1.563366658420447,parameter
233,y0[231],-0.70937374857292,parameter
234,y0[232],0.516518001158975,parameter
235,y0[233],-1.9011007900245966,parameter
236,y0[234],0.91688858817161,parameter
237,y0[235],-0.3417296674840483,parameter
238,y0[236],0.27619499653244317,parameter
239,y0[237],-0.3669562249084996,parameter
240,y0[238],-0.4558172787402122,parameter
241,y0[239],0.9866036947643453,parameter
242,y0[240],0.6767766991513442,parameter
243,y0[241],0.13138088139982765,parameter
244,y0[242],-1.3196514919961593,parameter
245,y0[243],-1.6539912357155095,parameter
246,y0[244],-1.9264928403950203,parameter
247,y0[245],-0.7244028822024832,parameter
248,y0[246],-0.41707233668009674,parameter
249,y0[247],1.6464212944897376,parameter
250,y0[248],0.802877094935966,parameter
251,y0[249],1.1452793463495818,parameter
252,y0[250],-1.152811470530034,parameter
253,y0[251],0.6238379697067138,parameter
254,y0[252],-0.937930279198774,parameter
255,y0[253],-0.4886308917177419,parameter
256,y0[254],-1.5135235327169916,parameter
257,y0[255],-0.32329273163654093,parameter
258,y0[256],-2.0421483880851747,parameter
259,y0[257],-2.559338374425836,parameter
260,y0[258],-0.3977782779734014,parameter
261,y0[259],-1.283054448830138,parameter
262,y0[260],-0.5982982220782305,parameter
263,y0[261],-0.5196690279656208,parameter
264,y0[262],-0.5770008169847048,parameter
265,y0[263],-0.8669586452864685,parameter
266,y0[264],0.5169989874365568,parameter
267,y0[265],-0.8003786511093836,parameter
268,y0[266],-0.7944402392027998,parameter
269,y0[267],-0.4359018955630141,parameter
270,y0[268],-0.7320170144164784,parameter
271,y0[269],-1.3754298274513936,parameter
272,y0[270],-1.0311256337967922,parameter
273,y0[271],-1.0525415066553307,parameter
274,y0[272],0.025756740621383712,parameter
275,y0[273],-0.23876751259044057,parameter
276,y0[274],-0.09320757869176599,parameter
277,y0[275],-1.4395380494078696,parameter
278,y0[276],1.2044070888257186,parameter
279,y0[277],0.13261113696360974,parameter
280,y0[278],-1.358243830751067,parameter
281,y0[279],0.21953022652775017,parameter
282,y0[280],1.6165235767948298,parameter
283,y0[281],0.05352435783313835,parameter
284,y0[282],0.3149527789350894,parameter
285,y0[283],-0.00586186154592207,parameter
286,y0[284],-0.302108013855402,parameter
287,y0[285],-1.9172994377245285,parameter
288,y0[286],-0.826932968775701,parameter
289,y0[287],-0.048557801179869645,parameter
290,y0[288],-0.31081471749472767,parameter
291,y0[289],-1.122561468341471,parameter
292,y0[290],-0.9727047200734413,parameter
293,y0[291],0.13997103783952808,parameter
294,y0[292],-0.7747996656065081,parameter
295,y0[293],-0.5132734122875281,parameter
296,y0[294],-1.3559195019910428,parameter
297,y0[295],0.20886031708167385,parameter
298,y0[296],-0.8531797051369115,parameter
299,y0[297],-1.4051327712148647,parameter
300,y0[298],-0.4757390125418987,parameter
301,y0[299],-0.2744232022627779,parameter
302,y0[300],-1.6575395615073136,parameter
303,y0[301],-0.7585998558275654,parameter
304,y0[302],-1.34898504367957,parameter
305,y0[303],-1.1199801241945386,parameter
306,y0[304],-1.3507628133818996,parameter
307,y0[305],-0.4101811254774874,parameter
308,y0[306],-0.7288854693755589,parameter
309,y0[307],-0.6559589610775607,parameter
310,y0[308],-1.167369565373794,parameter
311,y0[309],-1.834208330479171,parameter
312,y0[310],-0.703274801630955,parameter
313,y0[311],-0.6113837650344198,parameter
314,y0[312],-0.6320704799282225,parameter
315,y0[313],-0.5789543903603234,parameter
316,y0[314],-1.2956065108401542,parameter
317,y0[315],-1.9241056533249923,parameter
318,y0[316],-0.7013634197888042,parameter
319,y0[317],-1.7722866125751127,parameter
320,y0[318],-2.2031086744612094,parameter
321,y0[319],0.4297054301358512,parameter
322,y0[320],-0.5569038211323172,parameter
323,y0[321],-1.479854433348901,parameter
324,y0[322],-1.0903588367749748,parameter
325,y0[323],-0.946721155154969,parameter
326,y0[324],-0.6780881179991355,parameter
327,y0[325],-1.7668672412363942,parameter
328,y0[326],-0.8952773894060371,parameter
329,y0[327],-1.459013612979468,parameter
330,y0[328],-1.0078444253282774,parameter
331,y0[329],-1.1417058361883707,parameter
332,y0[330],-1.4649389664047503,parameter
333,y0[331],-0.7501395072178577,parameter
334,y0[332],-1.526881582151326,parameter
335,y0[333],-1.7078521684451016,parameter
336,y0[334],-0.6430237920220426,parameter
337,y0[335],-0.5977061720980069,parameter
338,y0[336],-0.13101437704908078,parameter
339,y0[337],-0.3926256939237772,parameter
340,y0[338],-0.7393750777863167,parameter
341,y0[339],-0.252120615938626,parameter
342,y0[340],-0.7304674204086917,parameter
343,y0[341],-0.49920594239317106,parameter
344,y0[342],0.32825708945641546,parameter
345,y0[343],-0.12476110585059039,parameter
346,y0[344],-3.105207361593851,parameter
347,y0[345],0.055331082369835916,parameter
348,y0[346],-0.13821609671545027,parameter
349,y0[347],-0.46643228671908954,parameter
350,y0[348],-1.618829006158928,parameter
351,y0[349],-0.4993094821707002,parameter
352,y0[350],-0.46254253457644573,parameter
353,y0[351],-0.16796666062491164,parameter
354,y0[352],-1.0519807952806761,parameter
355,y0[353],-0.35947491190528724,parameter
356,y0[354],-0.5004698564401071,parameter
357,y0[355],-0.2678194016151171,parameter
358,y0[356],-0.840211220838383,parameter
359,y0[357],-0.8621136834626919,parameter
360,y0[358],-0.5783417528332946,parameter
361,y0[359],-0.8868673214164322,parameter
362,y0[360],-0.8209333327870758,parameter
363,y0[361],-1.6994080577159465,parameter
364,y0[362],-1.8664577118741974,parameter
365,y0[363],-0.9765682455837236,parameter
366,y0[364],-0.04117979674681078,parameter
367,y0[365],-1.8046137126591266,parameter
368,y0[366],-0.9130398902011311,parameter
369,y0[367],-0.7135142826066736,parameter
370,y0[368],-1.163250766583921,parameter
371,y0[369],-0.7865506801590239,parameter
372,y0[370],0.8257273727061059,parameter
373,y0[371],-0.975669124784682,parameter
374,y0[372],-1.6473429515106779,parameter
375,y0[373],-0.15602409511335563,parameter
376,y0[374],-0.12248279958762381,parameter
377,y0[375],-0.15297214023289163,parameter
378,y0[376],0.42832897721032204,parameter
379,y0[377],-1.875165917674334,parameter
380,y0[378],-1.4292330890327687,parameter
381,y0[379],0.17880821090817697,parameter
382,y0[380],-0.367233268400182,parameter
383,y0[381],-0.5987579343337857,parameter
384,y0[382],-0.5222280749984907,parameter
385,y0[383],-2.0412303487133525,parameter
386,y0[384],-0.30701747196095136,parameter
387,y0[385],-0.7828774015457417,parameter
388,y0[386],-2.355082769896205,parameter
389,y0[387],-0.5748693997228471,parameter
390,y0[388],-2.052384456399152,parameter
391,y0[389],-0.4140709626681336,parameter
392,y0[390],-1.600001268323663,parameter
393,y0[391],-1.3499076440930735,parameter
394,y0[392],-0.3337773962376584,parameter
395,y0[393],-0.6954599619174487,parameter
396,y0[394],-0.7791630300929593,parameter
397,y0[395],-0.15210101082416946,parameter
398,y0[396],-0.3679652298921118,parameter
399,y0[397],-0.3330834467213458,parameter
400,y0[398],-0.455129201965615,parameter
401,y0[399],-0.05449224404381016,parameter
402,y0[400],-1.3629559073754556,parameter
403,y0[401],-0.8844872126311005,parameter
404,y0[402],-0.8778963934137014,parameter
405,y0[403],-0.14559491139333383,parameter
406,y0[404],-1.2842392182509743,parameter
407,y0[405],-0.5776170111654231,parameter
408,y0[406],-0.7809434403597799,parameter
409,y0[407],-0.46322994815758967,parameter
410,y0[408],-0.4259922079035012,parameter
411,y0[409],-1.3352723827377198,parameter
412,y0[410],-0.8915186888970668,parameter
413,y0[411],-0.9650735031953861,parameter
414,y0[412],0.8095494557131729,parameter
415,ydelta[1],0.2674911803798342,parameter
416,ydelta[2],-0.7290234979450116,parameter
417,ydelta[3],-0.3583403063354519,parameter
418,ydelta[4],-2.0771080863362665,parameter
419,ydelta[5],-2.9929653616401297,parameter
420,ydelta[6],-2.539917757769139,parameter
421,ydelta[7],1.0063293254530803,parameter
422,ydelta[8],-1.6672373682394102,parameter
423,ydelta[9],-1.324881241841873,parameter
424,ydelta[10],-1.442387954341889,parameter
425,ydelta[11],-1.0356605062141595,parameter
426,ydelta[12],-1.0399985144936672,parameter
427,ydelta[13],-0.6388353637114076,parameter
428,ydelta[14],-2.1175842968438134,parameter
429,ydelta[15],-3.4040245571952985,parameter
430,ydelta[16],-0.39112251443264984,parameter
431,ydelta[17],-1.477954914210022,parameter
432,ydelta[18],-2.3354020957476873,parameter
433,ydelta[19],-2.671969181693265,parameter
434,ydelta[20],-1.1834766695462946,parameter
435,ydelta[21],-0.19126801108681232,parameter
436,ydelta[22],-1.7592923890206151,parameter
437,ydelta[23],-0.8995510357627011,parameter
438,ydelta[24],0.04013740125429163,parameter
439,ydelta[25],-1.244566270424269,parameter
440,ydelta[26],-0.35513812060239824,parameter
441,ydelta[27],-2.0799161926827465,parameter
442,ydelta[28],-0.288903713108759,parameter
443,ydelta[29],-0.43606656872081173,parameter
444,ydelta[30],0.21556175183052778,parameter
445,ydelta[31],1.5200263868898312,parameter
446,ydelta[32],0.9393300325645431,parameter
447,ydelta[33],0.03016061690571178,parameter
448,ydelta[34],-0.3760122279911672,parameter
449,ydelta[35],-0.5000565158262855,parameter
450,ydelta[36],-1.9031876903391471,parameter
451,ydelta[37],-0.40314426677118037,parameter
452,ydelta[38],-0.306695889834163,parameter
453,ydelta[39],-2.1439021279229227,parameter
454,ydelta[40],-2.8260363248161036,parameter
455,ydelta[41],-1.0871779063735012,parameter
456,ydelta[42],-1.384706753368471,parameter
457,ydelta[43],-0.8674233781426149,parameter
458,ydelta[44],1.463589941445645,parameter
459,ydelta[45],-0.025463564342532437,parameter
460,ydelta[46],-0.7432195669183334,parameter
461,ydelta[47],0.9440699495491013,parameter
462,ydelta[48],-0.7164464403206486,parameter
463,ydelta[49],-0.343915565220355,parameter
464,ydelta[50],3.9333318206584957,parameter
465,ydelta[51],1.2651242793922135,parameter
466,ydelta[52],0.3025403024878315,parameter
467,ydelta[53],0.6362113739058797,parameter
468,ydelta[54],-0.612366274169018,parameter
469,ydelta[55],0.04352918265671658,parameter
470,ydelta[56],1.1011128676019617,parameter
471,ydelta[57],-0.7062066862248336,parameter
472,ydelta[58],-1.0268654477957229,parameter
473,ydelta[59],-1.891558441007552,parameter
474,ydelta[60],0.5414297628574205,parameter
475,ydelta[61],-1.013381206772095,parameter
476,ydelta[62],-0.7012876377014003,parameter
477,ydelta[63],1.9943657459667397,parameter
478,ydelta[64],0.04727923801568116,parameter
479,ydelta[65],0.9051028524155647,parameter
480,ydelta[66],1.0788893765851146,parameter
481,ydelta[67],-1.3091697183050233,parameter
482,ydelta[68],1.2136635029833527,parameter
483,ydelta[69],-0.24914548160867142,parameter
484,ydelta[70],0.023964606283569643,parameter
485,ydelta[71],-2.0062094442574097,parameter
486,ydelta[72],-3.493349229690728,parameter
487,ydelta[73],1.2685133801164015,parameter
488,ydelta[74],0.8017249401976929,parameter
489,ydelta[75],0.004088271916849991,parameter
490,ydelta[76],0.31894352240613233,parameter
491,ydelta[77],-0.3866028772573054,parameter
492,ydelta[78],0.6561943174457533,parameter
493,ydelta[79],-0.49665850735864453,parameter
494,ydelta[80],-0.11006833676348825,parameter
495,ydelta[81],-1.2715776663116922,parameter
496,ydelta[82],0.7973826131980006,parameter
497,ydelta[83],0.2707673552121157,parameter
498,ydelta[84],0.4294612291863461,parameter
499,ydelta[85],-0.07494394681928031,parameter
500,ydelta[86],2.3275811830599644,parameter
501,ydelta[87],-0.6846759326702863,parameter
502,ydelta[88],-1.4971960096321986,parameter
503,ydelta[89],0.33066413573990605,parameter
504,ydelta[90],-0.07168601497218334,parameter
505,ydelta[91],0.46554101777555573,parameter
506,ydelta[92],1.0240182863232616,parameter
507,ydelta[93],-0.5911303739227634,parameter
508,ydelta[94],-0.7893297584170823,parameter
509,ydelta[95],-1.5743371311224938,parameter
510,ydelta[96],-0.9590831690606212,parameter
511,ydelta[97],0.4872539453856137,parameter
512,ydelta[98],-1.220304625270864,parameter
513,ydelta[99],1.141323539331085,parameter
514,ydelta[100],0.49813578397708985,parameter
515,ydelta[101],0.6642879933878942,parameter
516,ydelta[102],-0.16152689135333032,parameter
517,ydelta[103],-0.6319103432860881,parameter
518,ydelta[104],-1.288456831410492,parameter
519,ydelta[105],0.4099056716943395,parameter
520,ydelta[106],-0.1792874483983165,parameter
521,ydelta[107],-0.8702492346305258,parameter
522,ydelta[108],0.037583858961614675,parameter
523,ydelta[109],1.2162709619053298,parameter
524,ydelta[110],-0.23221926367594076,parameter
525,ydelta[111],-0.4391945483991193,parameter
526,ydelta[112],1.5915598060994383,parameter
527,ydelta[113],-1.1726518673891946,parameter
528,ydelta[114],-0.4434139732458046,parameter
529,ydelta[115],-1.314429846305837,parameter
530,ydelta[116],0.7915459044263689,parameter
531,ydelta[117],0.7952616716448785,parameter
532,ydelta[118],-0.11034029181548213,parameter
533,ydelta[119],-0.5965043149460298,parameter
534,ydelta[120],0.4169445313985015,parameter
535,ydelta[121],-1.328200432907536,parameter
536,ydelta[122],1.6509152406436738,parameter
537,ydelta[123],-1.3436254484587775,parameter
538,ydelta[124],-0.5447400418642968,parameter
539,ydelta[125],2.171716182402922,parameter
540,ydelta[126],0.7156834518144822,parameter
541,ydelta[127],0.21845681285658944,parameter
542,ydelta[128],-0.20210359282589913,parameter
543,ydelta[129],-0.41171794165203784,parameter
544,ydelta[130],0.031178605641565348,parameter
545,ydelta[131],1.4550334091810109,parameter
546,ydelta[132],1.111512159588177,parameter
547,ydelta[133],-2.0541854298796354,parameter
548,ydelta[134],-0.47950823836933265,parameter
549,ydelta[135],0.245606425780418,parameter
550,ydelta[136],0.03238048192841493,parameter
551,ydelta[137],2.418359897122693,parameter
552,ydelta[138],1.989259065708898,parameter
553,ydelta[139],-0.0386052869948165,parameter
554,ydelta[140],0.5199692961064195,parameter
555,ydelta[141],0.652610130385442,parameter
556,ydelta[142],0.1571421796723034,parameter
557,ydelta[143],1.1385816761726706,parameter
558,ydelta[144],0.6142064287406319,parameter
559,ydelta[145],-0.8556276282487115,parameter
560,ydelta[146],-1.5685094200418244,parameter
561,ydelta[147],0.6737899521299376,parameter
562,ydelta[148],-0.6408195477918566,parameter
563,ydelta[149],-0.17790747183513622,parameter
564,ydelta[150],0.5098106979633732,parameter
565,ydelta[151],-1.7211722697909566,parameter
566,ydelta[152],0.879094334690628,parameter
567,ydelta[153],1.6452786903350438,parameter
568,ydelta[154],0.36547840955434974,parameter
569,ydelta[155],0.7099902450549199,parameter
570,ydelta[156],1.1114154932937028,parameter
571,ydelta[157],0.14487041500800857,parameter
572,ydelta[158],-0.593737820375242,parameter
573,ydelta[159],-0.5947604491965117,parameter
574,ydelta[160],-0.13259126911956026,parameter
575,ydelta[161],-0.7213763272615071,parameter
576,ydelta[162],-2.6276217643579427,parameter
577,ydelta[163],-2.2063516585406173,parameter
578,ydelta[164],-0.3406209945754328,parameter
579,ydelta[165],0.727843283947803,parameter
580,ydelta[166],0.8716410266628217,parameter
581,ydelta[167],0.4852324329595486,parameter
582,ydelta[168],-1.368571130457137,parameter
583,ydelta[169],-0.6912237014363871,parameter
584,ydelta[170],-1.0896315988804532,parameter
585,ydelta[171],0.876384616978889,parameter
586,ydelta[172],-0.6612117599415379,parameter
587,ydelta[173],1.1894510292526803,parameter
588,ydelta[174],-1.07949175283313,parameter
589,ydelta[175],0.3936823972774296,parameter
590,ydelta[176],-0.7680094344211896,parameter
591,ydelta[177],-1.5000066031547097,parameter
592,ydelta[178],2.506705233038545,parameter
593,ydelta[179],0.3241536099318657,parameter
594,ydelta[180],0.5506951350496836,parameter
595,ydelta[181],-0.6651855927197862,parameter
596,ydelta[182],0.24725781592769608,parameter
597,ydelta[183],-1.6621809713882145,parameter
598,ydelta[184],0.3014749525213489,parameter
599,ydelta[185],-0.28217280927774097,parameter
600,ydelta[186],0.7200523961268105,parameter
601,ydelta[187],-2.6825468921346576,parameter
602,ydelta[188],-1.6831890938354688,parameter
603,ydelta[189],-0.17358576810368145,parameter
604,ydelta[190],-2.455276817807305,parameter
605,ydelta[191],-0.908097648874803,parameter
606,ydelta[192],2.101556273305342,parameter
607,ydelta[193],-0.03239733930463411,parameter
608,ydelta[194],1.0982589938172354,parameter
609,ydelta[195],-1.7280127333944337,parameter
610,ydelta[196],0.5616983656024233,parameter
611,ydelta[197],-0.12353961865769623,parameter
612,ydelta[198],-1.7192145518959312,parameter
613,ydelta[199],-0.021549231758114483,parameter
614,ydelta[200],0.11467501359262311,parameter
615,ydelta[201],0.9459449261517464,parameter
616,ydelta[202],-0.5009160811957337,parameter
617,ydelta[203],-0.3366182065489591,parameter
618,ydelta[204],-0.8765587070777741,parameter
619,ydelta[205],0.9165094460965709,parameter
620,ydelta[206],-0.3779806029140276,parameter
621,ydelta[207],-0.1654836433519739,parameter
622,ydelta[208],0.662951561969539,parameter
623,ydelta[209],0.31093524799990246,parameter
624,ydelta[210],-0.587229686834174,parameter
625,ydelta[211],1.6341743713747003,parameter
626,ydelta[212],0.6230142895400161,parameter
627,ydelta[213],0.9976143988052547,parameter
628,ydelta[214],-0.519286115302472,parameter
629,ydelta[215],-0.6297446841125237,parameter
630,ydelta[216],-0.30986664433545974,parameter
631,ydelta[217],0.17406116664235807,parameter
632,ydelta[218],0.015238443068279312,parameter
633,ydelta[219],-0.4869136015405327,parameter
634,ydelta[220],0.35768346159805575,parameter
635,ydelta[221],-0.5903184993263094,parameter
636,ydelta[222],-0.9183414427863595,parameter
637,ydelta[223],-0.4654434959283782,parameter
638,ydelta[224],-0.4108962580891732,parameter
639,ydelta[225],0.8740401274700483,parameter
640,ydelta[226],-0.9142579796603283,parameter
641,ydelta[227],0.360925946923928,parameter
642,ydelta[228],1.2476057229952937,parameter
643,ydelta[229],-0.06597956921519288,parameter
644,ydelta[230],-1.3576412895274117,parameter
645,ydelta[231],-0.6413664464845007,parameter
646,ydelta[232],-0.18480863518580448,parameter
647,ydelta[233],-1.0765436816701568,parameter
648,ydelta[234],-1.1054828864452453,parameter
649,ydelta[235],-0.9403771743385636,parameter
650,ydelta[236],0.3754189753019607,parameter
651,ydelta[237],-1.9888428354122636,parameter
652,ydelta[238],2.0012848602817885,parameter
653,ydelta[239],-0.5290400593184229,parameter
654,ydelta[240],-1.2118576242606869,parameter
655,ydelta[241],-0.5244802047925752,parameter
656,ydelta[242],0.30568351358361223,parameter
657,ydelta[243],-0.5247235933152878,parameter
658,ydelta[244],-1.2626395149351026,parameter
659,ydelta[245],1.3503990993934807,parameter
660,ydelta[246],-0.6783504022458309,parameter
661,ydelta[247],-2.4666682765219154,parameter
662,ydelta[248],-1.404522549636137,parameter
663,ydelta[249],-1.3962346488580815,parameter
664,ydelta[250],-0.21755428723455747,parameter
665,ydelta[251],-1.1254581454643198,parameter
666,ydelta[252],-0.46436466728047626,parameter
667,ydelta[253],-0.8635505394414956,parameter
668,ydelta[254],-1.2229083386168473,parameter
669,ydelta[255],0.538487949516764,parameter
670,ydelta[256],0.6074298174755076,parameter
671,ydelta[257],0.07727402981833095,parameter
672,ydelta[258],-0.4895062656864483,parameter
673,ydelta[259],0.4410912335536926,parameter
674,ydelta[260],-0.11745031373096064,parameter
675,ydelta[261],-0.15401792095055053,parameter
676,ydelta[262],0.16698043186416517,parameter
677,ydelta[263],0.6032158556180566,parameter
678,ydelta[264],-1.2488480507207627,parameter
679,ydelta[265],0.4395221895688683,parameter
680,ydelta[266],1.2241075519393143,parameter
681,ydelta[267],2.0167421680560222,parameter
682,ydelta[268],2.3529325950541464,parameter
683,ydelta[269],2.20278153688323,parameter
684,ydelta[270],-0.8521450716869797,parameter
685,ydelta[271],0.7030577816917988,parameter
686,ydelta[272],0.6253610655075423,parameter
687,ydelta[273],-0.19354143335411159,parameter
688,ydelta[274],-0.4784915268266606,parameter
689,ydelta[275],0.3999715831764869,parameter
690,ydelta[276],-1.0179680421834307,parameter
691,ydelta[277],-0.8810102526025564,parameter
692,ydelta[278],-1.5619319913184315,parameter
693,ydelta[279],1.515302989644192,parameter
694,ydelta[280],0.1569537109994822,parameter
695,ydelta[281],0.6878283904208492,parameter
696,ydelta[282],0.8890433991423506,parameter
697,ydelta[283],-2.5533837063390665,parameter
698,ydelta[284],0.6975704602046927,parameter
699,ydelta[285],2.1783010238328973,parameter
700,ydelta[286],-1.7917210398859822,parameter
701,ydelta[287],0.3915302834424294,parameter
702,ydelta[288],-0.5515185311604529,parameter
703,ydelta[289],-0.019486092139986654,parameter
704,ydelta[290],-0.5945128741007131,parameter
705,ydelta[291],0.47269439232022753,parameter
706,ydelta[292],0.5421091857124265,parameter
707,ydelta[293],-0.3471931640250115,parameter
708,ydelta[294],-0.9152730311134712,parameter
709,ydelta[295],0.9607167771524956,parameter
710,ydelta[296],-0.14554997732521854,parameter
711,ydelta[297],1.1533136791555392,parameter
712,ydelta[298],0.20289750242157137,parameter
713,ydelta[299],0.14727945832216358,parameter
714,ydelta[300],1.8089926832300385,parameter
715,ydelta[301],-0.3954512991061198,parameter
716,ydelta[302],0.7969577667540282,parameter
717,ydelta[303],1.2713200047273685,parameter
718,ydelta[304],0.3360310747907062,parameter
719,ydelta[305],-0.2115548532887857,parameter
720,ydelta[306],-0.9510990673548958,parameter
721,ydelta[307],0.6507172910093373,parameter
722,ydelta[308],0.3792068426848018,parameter
723,ydelta[309],-0.44547827510903276,parameter
724,ydelta[310],-1.3344804108783717,parameter
725,ydelta[311],-0.2674368024864236,parameter
726,ydelta[312],-1.2302568732008667,parameter
727,ydelta[313],0.19580017502704172,parameter
728,ydelta[314],0.20502891039690468,parameter
729,ydelta[315],-0.5211284442229002,parameter
730,ydelta[316],1.2754741110946235,parameter
731,ydelta[317],0.9972847158353969,parameter
732,ydelta[318],0.6942333521932147,parameter
733,ydelta[319],-2.171778950978595,parameter
734,ydelta[320],0.2306507861032702,parameter
735,ydelta[321],0.19013117439503127,parameter
736,ydelta[322],-0.8218660973947192,parameter
737,ydelta[323],0.47089291625876145,parameter
738,ydelta[324],-0.7174327181943138,parameter
739,ydelta[325],-0.312883142292107,parameter
740,ydelta[326],1.2007709730120852,parameter
741,ydelta[327],-2.282061552035615,parameter
742,ydelta[328],0.4501027282576053,parameter
743,ydelta[329],-0.6822592450271968,parameter
744,ydelta[330],-0.5614729179757432,parameter
745,ydelta[331],-1.3222216464504657,parameter
746,ydelta[332],0.0008957144380209517,parameter
747,ydelta[333],0.9437683951123166,parameter
748,ydelta[334],1.014627510882922,parameter
749,ydelta[335],-0.16505876705180164,parameter
750,ydelta[336],0.14715834565594596,parameter
751,ydelta[337],-1.4181011515022057,parameter
752,ydelta[338],-1.0820643581013194,parameter
753,ydelta[339],-1.6242216122454887,parameter
754,ydelta[340],-1.4940795502010422,parameter
755,ydelta[341],-1.1518367094039805,parameter
756,ydelta[342],-0.10455005228424542,parameter
757,ydelta[343],1.304597717519528,parameter
758,ydelta[344],0.780528219200979,parameter
759,ydelta[345],-1.6851846751097401,parameter
760,ydelta[346],-0.2736377691203692,parameter
761,ydelta[347],-0.7093498301960239,parameter
762,ydelta[348],-0.16457124621752742,parameter
763,ydelta[349],1.4891687893909396,parameter
764,ydelta[350],-0.035791144336104336,parameter
765,ydelta[351],0.6455706121413217,parameter
766,ydelta[352],0.9348587615385743,parameter
767,ydelta[353],-1.0591084684956071,parameter
768,ydelta[354],-0.6652033849455291,parameter
769,ydelta[355],-1.9403448125308467,parameter
770,ydelta[356],-0.6792180601719006,parameter
771,ydelta[357],-0.8414347166079305,parameter
772,ydelta[358],-1.1670399384346193,parameter
773,ydelta[359],0.06770415522722589,parameter
774,ydelta[360],-1.4400041548080658,parameter
775,ydelta[361],-0.11903646807138896,parameter
776,ydelta[362],-1.479210153594572,parameter
777,ydelta[363],-0.9221657104426028,parameter
778,ydelta[364],2.060355457336801,parameter
779,ydelta[365],-0.1481155537863157,parameter
780,ydelta[366],-1.008568360008485,parameter
781,ydelta[367],-1.005109467207866,parameter
782,ydelta[368],-0.8496206841329704,parameter
783,ydelta[369],0.5474965971011623,parameter
784,ydelta[370],0.13187679236503075,parameter
785,ydelta[371],-0.19439843961620426,parameter
786,ydelta[372],0.9319756266243796,parameter
787,ydelta[373],0.953371059673908,parameter
788,ydelta[374],-0.6982619868916524,parameter
789,ydelta[375],0.0537807747738127,parameter
790,ydelta[376],-2.182866190033856,parameter
791,ydelta[377],1.7854954786236072,parameter
792,ydelta[378],0.09380858906959233,parameter
793,ydelta[379],0.23672641635573752,parameter
794,ydelta[380],1.6375433772806156,parameter
795,ydelta[381],0.5416055961353753,parameter
796,ydelta[382],1.4115881063288436,parameter
797,ydelta[383],-0.10984644146933603,parameter
798,ydelta[384],-0.07871184212656507,parameter
799,ydelta[385],0.04949755917547265,parameter
800,ydelta[386],-0.6780982044436996,parameter
801,ydelta[387],-0.11383291684526645,parameter
802,ydelta[388],-0.7316478477720653,parameter
803,ydelta[389],-1.4380830396184734,parameter
804,ydelta[390],-1.5758878846828959,parameter
805,ydelta[391],0.4563434898343982,parameter
806,ydelta[392],-0.3186181831041817,parameter
807,ydelta[393],0.1612383717737029,parameter
808,ydelta[394],-0.970552909704271,parameter
809,ydelta[395],-0.4000541192174801,parameter
810,ydelta[396],0.4958958812851096,parameter
811,ydelta[397],-0.15888265250889022,parameter
812,ydelta[398],-0.894841883617944,parameter
813,ydelta[399],-0.5667306134924801,parameter
814,ydelta[400],-0.45892571910203134,parameter
815,ydelta[401],-0.8024200659235347,parameter
816,ydelta[402],0.900349432217115,parameter
817,ydelta[403],0.2306427344427692,parameter
818,ydelta[404],1.4141883744535322,parameter
819,ydelta[405],1.218697585823185,parameter
820,ydelta[406],1.5819633597053964,parameter
821,ydelta[407],-0.9084179210662559,parameter
822,ydelta[408],1.3940319748578847,parameter
823,ydelta[409],1.151183945519591,parameter
824,ydelta[410],-0.36209069203102723,parameter
825,ydelta[411],1.4831171793383218,parameter
826,ydelta[412],-1.542238269513723,parameter
827,theta,1.0327162852030738,parameter
1,iFRP,0.0,initial_condition
2,iMOp,0.0,initial_condition
3,iMOs,0.0,initial_condition
4,iSSp-n,0.0,initial_condition
5,iSSp-bfd,0.0,initial_condition
6,iSSp-ll,0.0,initial_condition
7,iSSp-m,0.0,initial_condition
8,iSSp-ul,0.0,initial_condition
9,iSSp-tr,0.0,initial_condition
10,iSSp-un,0.0,initial_condition
11,iSSs,0.0,initial_condition
12,iGU,0.0,initial_condition
13,iVISC,0.0,initial_condition
14,iAUDd,0.0,initial_condition
15,iAUDp,0.0,initial_condition
16,iAUDpo,0.0,initial_condition
17,iAUDv,0.0,initial_condition
18,iVISal,0.0,initial_condition
19,iVISam,0.0,initial_condition
20,iVISl,0.0,initial_condition
21,iVISp,0.0,initial_condition
22,iVISpl,0.0,initial_condition
23,iVISpm,0.0,initial_condition
24,iVISli,0.0,initial_condition
25,iVISpor,0.0,initial_condition
26,iACAd,0.0,initial_condition
27,iACAv,0.0,initial_condition
28,iPL,0.0,initial_condition
29,iILA,0.0,initial_condition
30,iORBl,0.0,initial_condition
31,iORBm,0.0,initial_condition
32,iORBvl,0.0,initial_condition
33,iAId,0.0,initial_condition
34,iAIp,0.0,initial_condition
35,iAIv,0.0,initial_condition
36,iRSPagl,0.0,initial_condition
37,iRSPd,0.0,initial_condition
38,iRSPv,0.0,initial_condition
39,iVISa,0.0,initial_condition
40,iVISrl,0.0,initial_condition
41,iTEa,0.0,initial_condition
42,iPERI,0.0,initial_condition
43,iECT,0.0,initial_condition
44,iMOB,0.0,initial_condition
45,iAON,0.0,initial_condition
46,iTT,0.0,initial_condition
47,iDP,0.0,initial_condition
48,iPIR,0.0,initial_condition
49,iNLOT,0.0,initial_condition
50,iCOAp,0.0,initial_condition
51,iPAA,0.0,initial_condition
52,iTR,0.0,initial_condition
53,iCA1,0.0,initial_condition
54,iCA2,0.0,initial_condition
55,iCA3,0.0,initial_condition
56,iDG,0.0,initial_condition
57,iFC,0.0,initial_condition
58,iIG,0.0,initial_condition
59,iENTl,0.0,initial_condition
60,iENTm,0.0,initial_condition
61,iPAR,0.0,initial_condition
62,iPOST,0.0,initial_condition
63,iPRE,0.0,initial_condition
64,iSUB,0.0,initial_condition
65,iProS,0.0,initial_condition
66,iHATA,0.0,initial_condition
67,iAPr,0.0,initial_condition
68,iCLA,0.0,initial_condition
69,iEP,0.0,initial_condition
70,iLA,0.0,initial_condition
71,iBLA,0.0,initial_condition
72,iBMA,0.0,initial_condition
73,iPA,0.0,initial_condition
74,iCP,0.11209642072444194,initial_condition
75,iACB,0.0,initial_condition
76,iFS,0.0,initial_condition
77,iOT,0.0,initial_condition
78,iLS,0.0,initial_condition
79,iSF,0.0,initial_condition
80,iSH,0.0,initial_condition
81,iBA,0.0,initial_condition
82,iCEA,0.0,initial_condition
83,iIA,0.0,initial_condition
84,iMEA,0.0,initial_condition
85,iPALd,0.0,initial_condition
86,iSI,0.0,initial_condition
87,iMA,0.0,initial_condition
88,iMS,0.0,initial_condition
89,iNDB,0.0,initial_condition
90,iBST,0.0,initial_condition
91,iVAL,0.0,initial_condition
92,iVM,0.0,initial_condition
93,iVPL,0.0,initial_condition
94,iVPM,0.0,initial_condition
95,iPoT,0.0,initial_condition
96,iSPF,0.0,initial_condition
97,iSPA,0.0,initial_condition
98,iPP,0.0,initial_condition
99,iMG,0.0,initial_condition
100,iLGd,0.0,initial_condition
101,iLP,0.0,initial_condition
102,iPO,0.0,initial_condition
103,iPOL,0.0,initial_condition
104,iSGN,0.0,initial_condition
105,iEth,0.0,initial_condition
106,iLD,0.0,initial_condition
107,iIMD,0.0,initial_condition
108,iMD,0.0,initial_condition
109,iSMT,0.0,initial_condition
110,iPR,0.0,initial_condition
111,iPVT,0.0,initial_condition
112,iRE,0.0,initial_condition
113,iXi,0.0,initial_condition
114,iRH,0.0,initial_condition
115,iCM,0.0,initial_condition
116,iPCN,0.0,initial_condition
117,iCL,0.0,initial_condition
118,iPF,0.0,initial_condition
119,iPIL,0.0,initial_condition
120,iRT,0.0,initial_condition
121,iIGL,0.0,initial_condition
122,iIntG,0.0,initial_condition
123,iLGv,0.0,initial_condition
124,iSubG,0.0,initial_condition
125,iMH,0.0,initial_condition
126,iLH,0.0,initial_condition
127,iPVH,0.0,initial_condition
128,iARH,0.0,initial_condition
129,iADP,0.0,initial_condition
130,iAVP,0.0,initial_condition
131,iAVPV,0.0,initial_condition
132,iDMH,0.0,initial_condition
133,iMEPO,0.0,initial_condition
134,iMPO,0.0,initial_condition
135,iPS,0.0,initial_condition
136,iVLPO,0.0,initial_condition
137,iAHN,0.0,initial_condition
138,iLM,0.0,initial_condition
139,iMM,0.0,initial_condition
140,iSUM,0.0,initial_condition
141,iTM,0.0,initial_condition
142,iMPN,0.0,initial_condition
143,iPMd,0.0,initial_condition
144,iPMv,0.0,initial_condition
145,iVMH,0.0,initial_condition
146,iPH,0.0,initial_condition
147,iLHA,0.0,initial_condition
148,iLPO,0.0,initial_condition
149,iPST,0.0,initial_condition
150,iPSTN,0.0,initial_condition
151,iPeF,0.0,initial_condition
152,iRCH,0.0,initial_condition
153,iSTN,0.0,initial_condition
154,iTU,0.0,initial_condition
155,iFF,0.0,initial_condition
156,iME,0.0,initial_condition
157,iSCs,0.0,initial_condition
158,iIC,0.0,initial_condition
159,iSAG,0.0,initial_condition
160,iPBG,0.0,initial_condition
161,iSCO,0.0,initial_condition
162,iSNr,0.0,initial_condition
163,iVTA,0.0,initial_condition
164,iMRN,0.0,initial_condition
165,iSCm,0.0,initial_condition
166,iPRC,0.0,initial_condition
167,iINC,0.0,initial_condition
168,iND,0.0,initial_condition
169,iSu3,0.0,initial_condition
170,iAPN,0.0,initial_condition
171,iMPT,0.0,initial_condition
172,iNOT,0.0,initial_condition
173,iNPC,0.0,initial_condition
174,iOP,0.0,initial_condition
175,iPPT,0.0,initial_condition
176,iRPF,0.0,initial_condition
177,iCUN,0.0,initial_condition
178,iRN,0.0,initial_condition
179,iIII,0.0,initial_condition
180,iMA3,0.0,initial_condition
181,iIV,0.0,initial_condition
182,iPa4,0.0,initial_condition
183,iVTN,0.0,initial_condition
184,iAT,0.0,initial_condition
185,iLT,0.0,initial_condition
186,iMT,0.0,initial_condition
187,iSNc,0.0,initial_condition
188,iPPN,0.0,initial_condition
189,iIF,0.0,initial_condition
190,iIPN,0.0,initial_condition
191,iRL,0.0,initial_condition
192,iCLI,0.0,initial_condition
193,iDR,0.0,initial_condition
194,iNLL,0.0,initial_condition
195,iPSV,0.0,initial_condition
196,iPB,0.0,initial_condition
197,iSOC,0.0,initial_condition
198,iPG,0.0,initial_condition
199,iSUT,0.0,initial_condition
200,iTRN,0.0,initial_condition
201,iP5,0.0,initial_condition
202,iPC5,0.0,initial_condition
203,iCS,0.0,initial_condition
204,iPRNr,0.0,initial_condition
205,iNTB,0.0,initial_condition
206,iCB,0.0,initial_condition
207,cFRP,0.0,initial_condition
208,cMOp,0.0,initial_condition
209,cMOs,0.0,initial_condition
210,cSSp-n,0.0,initial_condition
211,cSSp-bfd,0.0,initial_condition
212,cSSp-ll,0.0,initial_condition
213,cSSp-m,0.0,initial_condition
214,cSSp-ul,0.0,initial_condition
215,cSSp-tr,0.0,initial_condition
216,cSSp-un,0.0,initial_condition
217,cSSs,0.0,initial_condition
218,cGU,0.0,initial_condition
219,cVISC,0.0,initial_condition
220,cAUDd,0.0,initial_condition
221,cAUDp,0.0,initial_condition
222,cAUDpo,0.0,initial_condition
223,cAUDv,0.0,initial_condition
224,cVISal,0.0,initial_condition
225,cVISam,0.0,initial_condition
226,cVISl,0.0,initial_condition
227,cVISp,0.0,initial_condition
228,cVISpl,0.0,initial_condition
229,cVISpm,0.0,initial_condition
230,cVISli,0.0,initial_condition
231,cVISpor,0.0,initial_condition
232,cACAd,0.0,initial_condition
233,cACAv,0.0,initial_condition
234,cPL,0.0,initial_condition
235,cILA,0.0,initial_condition
236,cORBl,0.0,initial_condition
237,cORBm,0.0,initial_condition
238,cORBvl,0.0,initial_condition
239,cAId,0.0,initial_condition
240,cAIp,0.0,initial_condition
241,cAIv,0.0,initial_condition
242,cRSPagl,0.0,initial_condition
243,cRSPd,0.0,initial_condition
244,cRSPv,0.0,initial_condition
245,cVISa,0.0,initial_condition
246,cVISrl,0.0,initial_condition
247,cTEa,0.0,initial_condition
248,cPERI,0.0,initial_condition
249,cECT,0.0,initial_condition
250,cMOB,0.0,initial_condition
251,cAON,0.0,initial_condition
252,cTT,0.0,initial_condition
253,cDP,0.0,initial_condition
254,cPIR,0.0,initial_condition
255,cCOAp,0.0,initial_condition
256,cPAA,0.0,initial_condition
257,cTR,0.0,initial_condition
258,cCA1,0.0,initial_condition
259,cCA2,0.0,initial_condition
260,cCA3,0.0,initial_condition
261,cDG,0.0,initial_condition
262,cFC,0.0,initial_condition
263,cIG,0.0,initial_condition
264,cENTl,0.0,initial_condition
265,cENTm,0.0,initial_condition
266,cPAR,0.0,initial_condition
267,cPOST,0.0,initial_condition
268,cPRE,0.0,initial_condition
269,cSUB,0.0,initial_condition
270,cProS,0.0,initial_condition
271,cHATA,0.0,initial_condition
272,cAPr,0.0,initial_condition
273,cCLA,0.0,initial_condition
274,cEP,0.0,initial_condition
275,cLA,0.0,initial_condition
276,cBLA,0.0,initial_condition
277,cBMA,0.0,initial_condition
278,cPA,0.0,initial_condition
279,cCP,0.0,initial_condition
280,cACB,0.0,initial_condition
281,cFS,0.0,initial_condition
282,cOT,0.0,initial_condition
283,cLS,0.0,initial_condition
284,cSF,0.0,initial_condition
285,cSH,0.0,initial_condition
286,cBA,0.0,initial_condition
287,cCEA,0.0,initial_condition
288,cIA,0.0,initial_condition
289,cMEA,0.0,initial_condition
290,cPALd,0.0,initial_condition
291,cSI,0.0,initial_condition
292,cMA,0.0,initial_condition
293,cMS,0.0,initial_condition
294,cNDB,0.0,initial_condition
295,cBST,0.0,initial_condition
296,cVAL,0.0,initial_condition
297,cVM,0.0,initial_condition
298,cVPL,0.0,initial_condition
299,cVPM,0.0,initial_condition
300,cPoT,0.0,initial_condition
301,cSPF,0.0,initial_condition
302,cSPA,0.0,initial_condition
303,cPP,0.0,initial_condition
304,cMG,0.0,initial_condition
305,cLGd,0.0,initial_condition
306,cLP,0.0,initial_condition
307,cPO,0.0,initial_condition
308,cPOL,0.0,initial_condition
309,cSGN,0.0,initial_condition
310,cEth,0.0,initial_condition
311,cLD,0.0,initial_condition
312,cIMD,0.0,initial_condition
313,cMD,0.0,initial_condition
314,cSMT,0.0,initial_condition
315,cPR,0.0,initial_condition
316,cPVT,0.0,initial_condition
317,cRE,0.0,initial_condition
318,cXi,0.0,initial_condition
319,cRH,0.0,initial_condition
320,cCM,0.0,initial_condition
321,cPCN,0.0,initial_condition
322,cCL,0.0,initial_condition
323,cPF,0.0,initial_condition
324,cPIL,0.0,initial_condition
325,cRT,0.0,initial_condition
326,cIGL,0.0,initial_condition
327,cIntG,0.0,initial_condition
328,cLGv,0.0,initial_condition
329,cSubG,0.0,initial_condition
330,cMH,0.0,initial_condition
331,cLH,0.0,initial_condition
332,cPVH,0.0,initial_condition
333,cARH,0.0,initial_condition
334,cADP,0.0,initial_condition
335,cAVP,0.0,initial_condition
336,cAVPV,0.0,initial_condition
337,cDMH,0.0,initial_condition
338,cMEPO,0.0,initial_condition
339,cMPO,0.0,initial_condition
340,cPS,0.0,initial_condition
341,cVLPO,0.0,initial_condition
342,cAHN,0.0,initial_condition
343,cLM,0.0,initial_condition
344,cMM,0.0,initial_condition
345,cSUM,0.0,initial_condition
346,cTM,0.0,initial_condition
347,cMPN,0.0,initial_condition
348,cPMd,0.0,initial_condition
349,cPMv,0.0,initial_condition
350,cVMH,0.0,initial_condition
351,cPH,0.0,initial_condition
352,cLHA,0.0,initial_condition
353,cLPO,0.0,initial_condition
354,cPST,0.0,initial_condition
355,cPSTN,0.0,initial_condition
356,cPeF,0.0,initial_condition
357,cRCH,0.0,initial_condition
358,cSTN,0.0,initial_condition
359,cTU,0.0,initial_condition
360,cFF,0.0,initial_condition
361,cME,0.0,initial_condition
362,cSCs,0.0,initial_condition
363,cIC,0.0,initial_condition
364,cSAG,0.0,initial_condition
365,cPBG,0.0,initial_condition
366,cSCO,0.0,initial_condition
367,cSNr,0.0,initial_condition
368,cVTA,0.0,initial_condition
369,cPN,0.0,initial_condition
370,cMRN,0.0,initial_condition
371,cSCm,0.0,initial_condition
372,cPRC,0.0,initial_condition
373,cINC,0.0,initial_condition
374,cND,0.0,initial_condition
375,cSu3,0.0,initial_condition
376,cAPN,0.0,initial_condition
377,cMPT,0.0,initial_condition
378,cNOT,0.0,initial_condition
379,cNPC,0.0,initial_condition
380,cOP,0.0,initial_condition
381,cPPT,0.0,initial_condition
382,cRPF,0.0,initial_condition
383,cCUN,0.0,initial_condition
384,cRN,0.0,initial_condition
385,cIII,0.0,initial_condition
386,cMA3,0.0,initial_condition
387,cIV,0.0,initial_condition
388,cPa4,0.0,initial_condition
389,cVTN,0.0,initial_condition
390,cAT,0.0,initial_condition
391,cLT,0.0,initial_condition
392,cDT,0.0,initial_condition
393,cMT,0.0,initial_condition
394,cSNc,0.0,initial_condition
395,cPPN,0.0,initial_condition
396,cIF,0.0,initial_condition
397,cIPN,0.0,initial_condition
398,cRL,0.0,initial_condition
399,cCLI,0.0,initial_condition
400,cDR,0.0,initial_condition
401,cNLL,0.0,initial_condition
402,cPSV,0.0,initial_condition
403,cSOC,0.0,initial_condition
404,cPG,0.0,initial_condition
405,cSUT,0.0,initial_condition
406,cTRN,0.0,initial_condition
407,cP5,0.0,initial_condition
408,cPC5,0.0,initial_condition
409,cCS,0.0,initial_condition
410,cPRNr,0.0,initial_condition
411,cNTB,0.0,initial_condition
412,cCB,0.0,initial_condition
413,iFRP_2,0.0,initial_condition
414,iMOp_2,0.0,initial_condition
415,iMOs_2,0.0,initial_condition
416,iSSp-n_2,0.0,initial_condition
417,iSSp-bfd_2,0.0,initial_condition
418,iSSp-ll_2,0.0,initial_condition
419,iSSp-m_2,0.0,initial_condition
420,iSSp-ul_2,0.0,initial_condition
421,iSSp-tr_2,0.0,initial_condition
422,iSSp-un_2,0.0,initial_condition
423,iSSs_2,0.0,initial_condition
424,iGU_2,0.0,initial_condition
425,iVISC_2,0.0,initial_condition
426,iAUDd_2,0.0,initial_condition
427,iAUDp_2,0.0,initial_condition
428,iAUDpo_2,0.0,initial_condition
429,iAUDv_2,0.0,initial_condition
430,iVISal_2,0.0,initial_condition
431,iVISam_2,0.0,initial_condition
432,iVISl_2,0.0,initial_condition
433,iVISp_2,0.0,initial_condition
434,iVISpl_2,0.0,initial_condition
435,iVISpm_2,0.0,initial_condition
436,iVISli_2,0.0,initial_condition
437,iVISpor_2,0.0,initial_condition
438,iACAd_2,0.0,initial_condition
439,iACAv_2,0.0,initial_condition
440,iPL_2,0.0,initial_condition
441,iILA_2,0.0,initial_condition
442,iORBl_2,0.0,initial_condition
443,iORBm_2,0.0,initial_condition
444,iORBvl_2,0.0,initial_condition
445,iAId_2,0.0,initial_condition
446,iAIp_2,0.0,initial_condition
447,iAIv_2,0.0,initial_condition
448,iRSPagl_2,0.0,initial_condition
449,iRSPd_2,0.0,initial_condition
450,iRSPv_2,0.0,initial_condition
451,iVISa_2,0.0,initial_condition
452,iVISrl_2,0.0,initial_condition
453,iTEa_2,0.0,initial_condition
454,iPERI_2,0.0,initial_condition
455,iECT_2,0.0,initial_condition
456,iMOB_2,0.0,initial_condition
457,iAON_2,0.0,initial_condition
458,iTT_2,0.0,initial_condition
459,iDP_2,0.0,initial_condition
460,iPIR_2,0.0,initial_condition
461,iNLOT_2,0.0,initial_condition
462,iCOAp_2,0.0,initial_condition
463,iPAA_2,0.0,initial_condition
464,iTR_2,0.0,initial_condition
465,iCA1_2,0.0,initial_condition
466,iCA2_2,0.0,initial_condition
467,iCA3_2,0.0,initial_condition
468,iDG_2,0.0,initial_condition
469,iFC_2,0.0,initial_condition
470,iIG_2,0.0,initial_condition
471,iENTl_2,0.0,initial_condition
472,iENTm_2,0.0,initial_condition
473,iPAR_2,0.0,initial_condition
474,iPOST_2,0.0,initial_condition
475,iPRE_2,0.0,initial_condition
476,iSUB_2,0.0,initial_condition
477,iProS_2,0.0,initial_condition
478,iHATA_2,0.0,initial_condition
479,iAPr_2,0.0,initial_condition
480,iCLA_2,0.0,initial_condition
481,iEP_2,0.0,initial_condition
482,iLA_2,0.0,initial_condition
483,iBLA_2,0.0,initial_condition
484,iBMA_2,0.0,initial_condition
485,iPA_2,0.0,initial_condition
486,iCP_2,0.0,initial_condition
487,iACB_2,0.0,initial_condition
488,iFS_2,0.0,initial_condition
489,iOT_2,0.0,initial_condition
490,iLS_2,0.0,initial_condition
491,iSF_2,0.0,initial_condition
492,iSH_2,0.0,initial_condition
493,iBA_2,0.0,initial_condition
494,iCEA_2,0.0,initial_condition
495,iIA_2,0.0,initial_condition
496,iMEA_2,0.0,initial_condition
497,iPALd_2,0.0,initial_condition
498,iSI_2,0.0,initial_condition
499,iMA_2,0.0,initial_condition
500,iMS_2,0.0,initial_condition
501,iNDB_2,0.0,initial_condition
502,iBST_2,0.0,initial_condition
503,iVAL_2,0.0,initial_condition
504,iVM_2,0.0,initial_condition
505,iVPL_2,0.0,initial_condition
506,iVPM_2,0.0,initial_condition
507,iPoT_2,0.0,initial_condition
508,iSPF_2,0.0,initial_condition
509,iSPA_2,0.0,initial_condition
510,iPP_2,0.0,initial_condition
511,iMG_2,0.0,initial_condition
512,iLGd_2,0.0,initial_condition
513,iLP_2,0.0,initial_condition
514,iPO_2,0.0,initial_condition
515,iPOL_2,0.0,initial_condition
516,iSGN_2,0.0,initial_condition
517,iEth_2,0.0,initial_condition
518,iLD_2,0.0,initial_condition
519,iIMD_2,0.0,initial_condition
520,iMD_2,0.0,initial_condition
521,iSMT_2,0.0,initial_condition
522,iPR_2,0.0,initial_condition
523,iPVT_2,0.0,initial_condition
524,iRE_2,0.0,initial_condition
525,iXi_2,0.0,initial_condition
526,iRH_2,0.0,initial_condition
527,iCM_2,0.0,initial_condition
528,iPCN_2,0.0,initial_condition
529,iCL_2,0.0,initial_condition
530,iPF_2,0.0,initial_condition
531,iPIL_2,0.0,initial_condition
532,iRT_2,0.0,initial_condition
533,iIGL_2,0.0,initial_condition
534,iIntG_2,0.0,initial_condition
535,iLGv_2,0.0,initial_condition
536,iSubG_2,0.0,initial_condition
537,iMH_2,0.0,initial_condition
538,iLH_2,0.0,initial_condition
539,iPVH_2,0.0,initial_condition
540,iARH_2,0.0,initial_condition
541,iADP_2,0.0,initial_condition
542,iAVP_2,0.0,initial_condition
543,iAVPV_2,0.0,initial_condition
544,iDMH_2,0.0,initial_condition
545,iMEPO_2,0.0,initial_condition
546,iMPO_2,0.0,initial_condition
547,iPS_2,0.0,initial_condition
548,iVLPO_2,0.0,initial_condition
549,iAHN_2,0.0,initial_condition
550,iLM_2,0.0,initial_condition
551,iMM_2,0.0,initial_condition
552,iSUM_2,0.0,initial_condition
553,iTM_2,0.0,initial_condition
554,iMPN_2,0.0,initial_condition
555,iPMd_2,0.0,initial_condition
556,iPMv_2,0.0,initial_condition
557,iVMH_2,0.0,initial_condition
558,iPH_2,0.0,initial_condition
559,iLHA_2,0.0,initial_condition
560,iLPO_2,0.0,initial_condition
561,iPST_2,0.0,initial_condition
562,iPSTN_2,0.0,initial_condition
563,iPeF_2,0.0,initial_condition
564,iRCH_2,0.0,initial_condition
565,iSTN_2,0.0,initial_condition
566,iTU_2,0.0,initial_condition
567,iFF_2,0.0,initial_condition
568,iME_2,0.0,initial_condition
569,iSCs_2,0.0,initial_condition
570,iIC_2,0.0,initial_condition
571,iSAG_2,0.0,initial_condition
572,iPBG_2,0.0,initial_condition
573,iSCO_2,0.0,initial_condition
574,iSNr_2,0.0,initial_condition
575,iVTA_2,0.0,initial_condition
576,iMRN_2,0.0,initial_condition
577,iSCm_2,0.0,initial_condition
578,iPRC_2,0.0,initial_condition
579,iINC_2,0.0,initial_condition
580,iND_2,0.0,initial_condition
581,iSu3_2,0.0,initial_condition
582,iAPN_2,0.0,initial_condition
583,iMPT_2,0.0,initial_condition
584,iNOT_2,0.0,initial_condition
585,iNPC_2,0.0,initial_condition
586,iOP_2,0.0,initial_condition
587,iPPT_2,0.0,initial_condition
588,iRPF_2,0.0,initial_condition
589,iCUN_2,0.0,initial_condition
590,iRN_2,0.0,initial_condition
591,iIII_2,0.0,initial_condition
592,iMA3_2,0.0,initial_condition
593,iIV_2,0.0,initial_condition
594,iPa4_2,0.0,initial_condition
595,iVTN_2,0.0,initial_condition
596,iAT_2,0.0,initial_condition
597,iLT_2,0.0,initial_condition
598,iMT_2,0.0,initial_condition
599,iSNc_2,0.0,initial_condition
600,iPPN_2,0.0,initial_condition
601,iIF_2,0.0,initial_condition
602,iIPN_2,0.0,initial_condition
603,iRL_2,0.0,initial_condition
604,iCLI_2,0.0,initial_condition
605,iDR_2,0.0,initial_condition
606,iNLL_2,0.0,initial_condition
607,iPSV_2,0.0,initial_condition
608,iPB_2,0.0,initial_condition
609,iSOC_2,0.0,initial_condition
610,iPG_2,0.0,initial_condition
611,iSUT_2,0.0,initial_condition
612,iTRN_2,0.0,initial_condition
613,iP5_2,0.0,initial_condition
614,iPC5_2,0.0,initial_condition
615,iCS_2,0.0,initial_condition
616,iPRNr_2,0.0,initial_condition
617,iNTB_2,0.0,initial_condition
618,iCB_2,0.0,initial_condition
619,cFRP_2,0.0,initial_condition
620,cMOp_2,0.0,initial_condition
621,cMOs_2,0.0,initial_condition
622,cSSp-n_2,0.0,initial_condition
623,cSSp-bfd_2,0.0,initial_condition
624,cSSp-ll_2,0.0,initial_condition
625,cSSp-m_2,0.0,initial_condition
626,cSSp-ul_2,0.0,initial_condition
627,cSSp-tr_2,0.0,initial_condition
628,cSSp-un_2,0.0,initial_condition
629,cSSs_2,0.0,initial_condition
630,cGU_2,0.0,initial_condition
631,cVISC_2,0.0,initial_condition
632,cAUDd_2,0.0,initial_condition
633,cAUDp_2,0.0,initial_condition
634,cAUDpo_2,0.0,initial_condition
635,cAUDv_2,0.0,initial_condition
636,cVISal_2,0.0,initial_condition
637,cVISam_2,0.0,initial_condition
638,cVISl_2,0.0,initial_condition
639,cVISp_2,0.0,initial_condition
640,cVISpl_2,0.0,initial_condition
641,cVISpm_2,0.0,initial_condition
642,cVISli_2,0.0,initial_condition
643,cVISpor_2,0.0,initial_condition
644,cACAd_2,0.0,initial_condition
645,cACAv_2,0.0,initial_condition
646,cPL_2,0.0,initial_condition
647,cILA_2,0.0,initial_condition
648,cORBl_2,0.0,initial_condition
649,cORBm_2,0.0,initial_condition
650,cORBvl_2,0.0,initial_condition
651,cAId_2,0.0,initial_condition
652,cAIp_2,0.0,initial_condition
653,cAIv_2,0.0,initial_condition
654,cRSPagl_2,0.0,initial_condition
655,cRSPd_2,0.0,initial_condition
656,cRSPv_2,0.0,initial_condition
657,cVISa_2,0.0,initial_condition
658,cVISrl_2,0.0,initial_condition
659,cTEa_2,0.0,initial_condition
660,cPERI_2,0.0,initial_condition
661,cECT_2,0.0,initial_condition
662,cMOB_2,0.0,initial_condition
663,cAON_2,0.0,initial_condition
664,cTT_2,0.0,initial_condition
665,cDP_2,0.0,initial_condition
666,cPIR_2,0.0,initial_condition
667,cCOAp_2,0.0,initial_condition
668,cPAA_2,0.0,initial_condition
669,cTR_2,0.0,initial_condition
670,cCA1_2,0.0,initial_condition
671,cCA2_2,0.0,initial_condition
672,cCA3_2,0.0,initial_condition
673,cDG_2,0.0,initial_condition
674,cFC_2,0.0,initial_condition
675,cIG_2,0.0,initial_condition
676,cENTl_2,0.0,initial_condition
677,cENTm_2,0.0,initial_condition
678,cPAR_2,0.0,initial_condition
679,cPOST_2,0.0,initial_condition
680,cPRE_2,0.0,initial_condition
681,cSUB_2,0.0,initial_condition
682,cProS_2,0.0,initial_condition
683,cHATA_2,0.0,initial_condition
684,cAPr_2,0.0,initial_condition
685,cCLA_2,0.0,initial_condition
686,cEP_2,0.0,initial_condition
687,cLA_2,0.0,initial_condition
688,cBLA_2,0.0,initial_condition
689,cBMA_2,0.0,initial_condition
690,cPA_2,0.0,initial_condition
691,cCP_2,0.0,initial_condition
692,cACB_2,0.0,initial_condition
693,cFS_2,0.0,initial_condition
694,cOT_2,0.0,initial_condition
695,cLS_2,0.0,initial_condition
696,cSF_2,0.0,initial_condition
697,cSH_2,0.0,initial_condition
698,cBA_2,0.0,initial_condition
699,cCEA_2,0.0,initial_condition
700,cIA_2,0.0,initial_condition
701,cMEA_2,0.0,initial_condition
702,cPALd_2,0.0,initial_condition
703,cSI_2,0.0,initial_condition
704,cMA_2,0.0,initial_condition
705,cMS_2,0.0,initial_condition
706,cNDB_2,0.0,initial_condition
707,cBST_2,0.0,initial_condition
708,cVAL_2,0.0,initial_condition
709,cVM_2,0.0,initial_condition
710,cVPL_2,0.0,initial_condition
711,cVPM_2,0.0,initial_condition
712,cPoT_2,0.0,initial_condition
713,cSPF_2,0.0,initial_condition
714,cSPA_2,0.0,initial_condition
715,cPP_2,0.0,initial_condition
716,cMG_2,0.0,initial_condition
717,cLGd_2,0.0,initial_condition
718,cLP_2,0.0,initial_condition
719,cPO_2,0.0,initial_condition
720,cPOL_2,0.0,initial_condition
721,cSGN_2,0.0,initial_condition
722,cEth_2,0.0,initial_condition
723,cLD_2,0.0,initial_condition
724,cIMD_2,0.0,initial_condition
725,cMD_2,0.0,initial_condition
726,cSMT_2,0.0,initial_condition
727,cPR_2,0.0,initial_condition
728,cPVT_2,0.0,initial_condition
729,cRE_2,0.0,initial_condition
730,cXi_2,0.0,initial_condition
731,cRH_2,0.0,initial_condition
732,cCM_2,0.0,initial_condition
733,cPCN_2,0.0,initial_condition
734,cCL_2,0.0,initial_condition
735,cPF_2,0.0,initial_condition
736,cPIL_2,0.0,initial_condition
737,cRT_2,0.0,initial_condition
738,cIGL_2,0.0,initial_condition
739,cIntG_2,0.0,initial_condition
740,cLGv_2,0.0,initial_condition
741,cSubG_2,0.0,initial_condition
742,cMH_2,0.0,initial_condition
743,cLH_2,0.0,initial_condition
744,cPVH_2,0.0,initial_condition
745,cARH_2,0.0,initial_condition
746,cADP_2,0.0,initial_condition
747,cAVP_2,0.0,initial_condition
748,cAVPV_2,0.0,initial_condition
749,cDMH_2,0.0,initial_condition
750,cMEPO_2,0.0,initial_condition
751,cMPO_2,0.0,initial_condition
752,cPS_2,0.0,initial_condition
753,cVLPO_2,0.0,initial_condition
754,cAHN_2,0.0,initial_condition
755,cLM_2,0.0,initial_condition
756,cMM_2,0.0,initial_condition
757,cSUM_2,0.0,initial_condition
758,cTM_2,0.0,initial_condition
759,cMPN_2,0.0,initial_condition
760,cPMd_2,0.0,initial_condition
761,cPMv_2,0.0,initial_condition
762,cVMH_2,0.0,initial_condition
763,cPH_2,0.0,initial_condition
764,cLHA_2,0.0,initial_condition
765,cLPO_2,0.0,initial_condition
766,cPST_2,0.0,initial_condition
767,cPSTN_2,0.0,initial_condition
768,cPeF_2,0.0,initial_condition
769,cRCH_2,0.0,initial_condition
770,cSTN_2,0.0,initial_condition
771,cTU_2,0.0,initial_condition
772,cFF_2,0.0,initial_condition
773,cME_2,0.0,initial_condition
774,cSCs_2,0.0,initial_condition
775,cIC_2,0.0,initial_condition
776,cSAG_2,0.0,initial_condition
777,cPBG_2,0.0,initial_condition
778,cSCO_2,0.0,initial_condition
779,cSNr_2,0.0,initial_condition
780,cVTA_2,0.0,initial_condition
781,cPN_2,0.0,initial_condition
782,cMRN_2,0.0,initial_condition
783,cSCm_2,0.0,initial_condition
784,cPRC_2,0.0,initial_condition
785,cINC_2,0.0,initial_condition
786,cND_2,0.0,initial_condition
787,cSu3_2,0.0,initial_condition
788,cAPN_2,0.0,initial_condition
789,cMPT_2,0.0,initial_condition
790,cNOT_2,0.0,initial_condition
791,cNPC_2,0.0,initial_condition
792,cOP_2,0.0,initial_condition
793,cPPT_2,0.0,initial_condition
794,cRPF_2,0.0,initial_condition
795,cCUN_2,0.0,initial_condition
796,cRN_2,0.0,initial_condition
797,cIII_2,0.0,initial_condition
798,cMA3_2,0.0,initial_condition
799,cIV_2,0.0,initial_condition
800,cPa4_2,0.0,initial_condition
801,cVTN_2,0.0,initial_condition
802,cAT_2,0.0,initial_condition
803,cLT_2,0.0,initial_condition
804,cDT_2,0.0,initial_condition
805,cMT_2,0.0,initial_condition
806,cSNc_2,0.0,initial_condition
807,cPPN_2,0.0,initial_condition
808,cIF_2,0.0,initial_condition
809,cIPN_2,0.0,initial_condition
810,cRL_2,0.0,initial_condition
811,cCLI_2,0.0,initial_condition
812,cDR_2,0.0,initial_condition
813,cNLL_2,0.0,initial_condition
814,cPSV_2,0.0,initial_condition
815,cSOC_2,0.0,initial_condition
816,cPG_2,0.0,initial_condition
817,cSUT_2,0.0,initial_condition
818,cTRN_2,0.0,initial_condition
819,cP5_2,0.0,initial_condition
820,cPC5_2,0.0,initial_condition
821,cCS_2,0.0,initial_condition
822,cPRNr_2,0.0,initial_condition
823,cNTB_2,0.0,initial_condition
824,cCB_2,0.0,initial_condition
74,SEED_iCP,0.11209642072444194,seed
